ts,A,CTX,x,US,S"1,S"2,H1,H2,M"1,M"2,D,R*,CR
0,0.3,0.4,0.2,0.0,0.012,0.011,0.007,0.007,0.006,0.006,0.006,0.006,0.0,
1,0.0,0.4,0.0,0.0,0.009,0.011,0.007,0.007,0.007,0.006,0.006,0.006,0.0,
2,0.0,0.4,0.0,0.0,0.009,0.011,0.007,0.006,0.006,0.006,0.007,0.006,0.0,
3,0.0,0.4,0.0,0.0,0.009,0.009,0.006,0.007,0.006,0.006,0.007,0.007,0.0,
4,1.0,0.4,0.0,0.0,0.024,0.011,0.007,0.006,0.007,0.007,0.006,0.006,0.0,
5,1.0,0.4,0.9,1.0,0.024,0.022,0.006,0.006,0.006,0.006,1.0,1.0,0.0,
6,1.0,0.4,1.0,1.0,0.026,0.026,0.006,0.006,0.006,0.006,1.0,1.0,0.0,
7,1.0,0.4,1.0,1.0,0.031,0.031,0.006,0.008,0.006,0.006,1.0,1.0,0.0,
8,1.0,0.4,1.0,0.0,0.026,0.026,0.006,0.006,0.006,0.006,0.006,0.006,0.0,
9,1.0,0.4,1.0,0.0,0.031,0.025,0.006,0.006,0.006,0.008,0.008,0.006,0.0,
10,0.0,0.4,0.0,0.0,0.009,0.009,0.006,0.007,0.006,0.006,0.006,0.006,0.0,
11,0.0,0.4,0.0,0.0,0.009,0.009,0.006,0.006,0.007,0.006,0.008,0.006,0.0,
12,0.0,0.4,0.0,1.0,0.009,0.009,0.007,0.006,0.007,0.006,1.0,1.0,0.0,
13,1.0,0.4,1.0,1.0,0.026,0.026,0.006,0.006,0.006,0.006,1.0,1.0,0.0,
14,1.0,0.4,1.0,0.0,0.032,0.026,0.006,0.006,0.006,0.006,0.006,0.006,0.0,
15,1.0,0.4,1.0,0.0,0.026,0.026,0.006,0.008,0.006,0.006,0.006,0.006,0.0,
16,1.0,0.4,1.0,0.0,0.031,0.031,0.006,0.006,0.006,0.006,0.006,0.006,0.0,
17,1.0,0.4,1.0,0.0,0.026,0.031,0.006,0.006,0.006,0.008,0.006,0.006,0.0,
18,1.0,0.4,1.0,1.0,0.025,0.026,0.008,0.006,0.008,0.006,1.0,1.0,0.0,
19,1.0,0.4,1.0,1.0,0.028,0.034,0.008,0.008,0.008,0.008,1.0,1.0,0.0,
20,1.0,0.4,1.0,1.0,0.034,0.028,0.006,0.008,0.006,0.006,1.0,1.0,0.0,
21,0.0,0.4,0.0,0.0,0.009,0.009,0.008,0.007,0.006,0.006,0.008,0.006,0.0,
22,0.0,0.4,0.0,0.0,0.011,0.009,0.006,0.006,0.007,0.007,0.008,0.006,0.0,
23,0.0,0.4,0.0,0.0,0.009,0.009,0.006,0.006,0.006,0.006,0.008,0.006,0.0,
24,1.0,0.4,1.0,0.0,0.032,0.028,0.006,0.006,0.006,0.006,0.006,0.006,0.0,
25,1.0,0.4,1.0,1.0,0.027,0.027,0.006,0.008,0.008,0.008,1.0,1.0,0.0,
26,1.0,0.4,1.0,0.0,0.036,0.03,0.006,0.006,0.008,0.006,0.006,0.006,0.0,
27,1.0,0.4,1.0,0.0,0.03,0.03,0.006,0.006,0.008,0.008,0.006,0.006,0.0,
28,1.0,0.4,1.0,0.0,0.03,0.036,0.006,0.006,0.006,0.006,0.006,0.006,0.0,
29,1.0,0.4,1.0,0.0,0.029,0.036,0.006,0.006,0.006,0.006,0.006,0.006,0.0,
30,1.0,0.4,1.0,0.0,0.036,0.029,0.006,0.008,0.006,0.006,0.008,0.006,0.0,
31,1.0,0.4,0.5,1.0,0.029,0.017,0.006,0.008,0.008,0.006,1.0,1.0,0.0,
32,0.0,0.4,0.0,1.0,0.009,0.012,0.006,0.006,0.006,0.006,1.0,1.0,0.0,
33,0.0,0.4,0.0,1.0,0.009,0.012,0.006,0.007,0.007,0.007,1.0,1.0,0.0,
34,0.0,0.4,0.0,1.0,0.012,0.009,0.007,0.006,0.006,0.006,1.0,1.0,0.0,
35,1.0,0.4,1.0,0.0,0.032,0.031,0.006,0.008,0.006,0.006,0.008,0.006,0.0,
36,1.0,0.4,1.0,0.0,0.032,0.031,0.006,0.006,0.006,0.006,0.006,0.006,0.0,
37,1.0,0.4,1.0,0.0,0.039,0.031,0.006,0.006,0.006,0.008,0.006,0.006,0.0,
38,1.0,0.4,1.0,0.0,0.032,0.037,0.006,0.006,0.006,0.006,0.006,0.006,0.0,
39,1.0,0.4,1.0,1.0,0.038,0.037,0.006,0.008,0.006,0.006,1.0,1.0,0.0,
40,1.0,0.4,1.0,0.0,0.043,0.034,0.006,0.008,0.008,0.008,0.006,0.008,0.0,
41,1.0,0.4,1.0,0.0,0.043,0.034,0.006,0.006,0.006,0.006,0.006,0.006,0.0,
42,1.0,0.4,0.7,0.0,0.035,0.023,0.006,0.008,0.006,0.006,0.006,0.006,0.0,
43,0.0,0.4,0.0,0.0,0.01,0.013,0.007,0.006,0.006,0.006,0.006,0.006,0.0,
44,0.0,0.4,0.0,0.0,0.012,0.01,0.006,0.006,0.007,0.007,0.006,0.006,0.0,
45,0.0,0.4,0.0,1.0,0.01,0.01,0.006,0.006,0.007,0.007,1.0,1.0,0.0,
46,1.0,0.4,1.0,1.0,0.035,0.034,0.006,0.006,0.006,0.008,1.0,1.0,0.0,
47,1.0,0.4,1.0,1.0,0.043,0.034,0.006,0.006,0.006,0.006,1.0,1.0,0.0,
48,1.0,0.4,1.0,0.0,0.035,0.034,0.006,0.006,0.006,0.006,0.008,0.006,0.0,
49,1.0,0.4,1.0,0.0,0.035,0.034,0.006,0.006,0.008,0.006,0.006,0.006,0.0,
50,1.0,0.4,1.0,0.0,0.035,0.034,0.006,0.006,0.006,0.006,0.006,0.006,0.0,
51,1.0,0.4,1.0,0.0,0.042,0.033,0.006,0.006,0.006,0.008,0.006,0.006,0.0,
52,1.0,0.4,1.0,0.0,0.034,0.033,0.008,0.006,0.006,0.006,0.006,0.006,0.0,
53,1.0,0.4,1.0,1.0,0.034,0.033,0.006,0.008,0.006,0.006,1.0,1.0,0.0,
54,0.0,0.4,0.0,0.0,0.01,0.01,0.006,0.007,0.006,0.008,0.008,0.008,0.0,
55,0.0,0.4,0.0,0.0,0.012,0.01,0.006,0.006,0.007,0.006,0.006,0.006,0.0,
56,0.0,0.4,0.0,0.0,0.01,0.01,0.006,0.006,0.006,0.006,0.008,0.008,0.0,
57,1.0,0.4,1.0,0.0,0.038,0.042,0.006,0.007,0.006,0.006,0.006,0.008,0.0,
58,1.0,0.4,1.0,0.0,0.038,0.044,0.006,0.006,0.008,0.006,0.006,0.006,0.0,
59,1.0,0.4,1.0,1.0,0.046,0.036,0.006,0.006,0.008,0.008,1.0,1.0,0.0,
60,1.0,0.4,1.0,1.0,0.043,0.049,0.008,0.006,0.006,0.008,1.0,1.0,0.0,
61,1.0,0.4,1.0,1.0,0.052,0.04,0.008,0.006,0.006,0.006,1.0,1.0,0.0,
62,1.0,0.4,1.0,0.0,0.042,0.04,0.006,0.006,0.006,0.008,0.006,0.006,0.0,
63,1.0,0.4,1.0,0.0,0.042,0.04,0.008,0.006,0.006,0.006,0.006,0.006,0.0,
64,1.0,0.4,1.0,0.0,0.042,0.039,0.008,0.006,0.008,0.006,0.006,0.008,0.0,
65,0.0,0.4,0.0,0.0,0.016,0.015,0.006,0.006,0.006,0.006,0.008,0.006,0.0,
66,0.0,0.4,0.0,0.0,0.012,0.01,0.006,0.008,0.006,0.006,0.006,0.006,0.0,
67,0.0,0.4,0.0,1.0,0.01,0.012,0.007,0.006,0.006,0.006,1.0,1.0,0.0,
68,1.0,0.4,1.0,0.0,0.042,0.04,0.006,0.006,0.007,0.006,0.006,0.008,0.0,
69,1.0,0.4,1.0,0.0,0.051,0.039,0.006,0.008,0.006,0.006,0.006,0.006,0.0,
70,1.0,0.4,1.0,0.0,0.042,0.039,0.006,0.006,0.006,0.006,0.008,0.006,0.0,
71,1.0,0.4,1.0,0.0,0.042,0.039,0.006,0.006,0.006,0.006,0.006,0.008,0.0,
72,1.0,0.4,1.0,0.0,0.041,0.039,0.008,0.006,0.006,0.008,0.006,0.006,0.0,
73,1.0,0.4,1.0,1.0,0.041,0.048,0.006,0.006,0.006,0.006,1.0,1.0,0.0,
74,1.0,0.4,1.0,1.0,0.047,0.045,0.006,0.006,0.008,0.006,1.0,1.0,0.0,
75,1.0,0.4,1.0,1.0,0.046,0.044,0.006,0.006,0.008,0.006,1.0,1.0,0.0,
76,1.0,0.4,0.8,0.0,0.046,0.033,0.006,0.006,0.006,0.006,0.008,0.006,0.0,
77,0.0,0.4,0.0,0.0,0.01,0.01,0.006,0.006,0.007,0.008,0.008,0.006,0.0,
78,0.0,0.4,0.0,0.0,0.01,0.01,0.006,0.007,0.006,0.007,0.006,0.006,0.0,
79,0.0,0.4,0.0,0.0,0.01,0.01,0.006,0.006,0.006,0.006,0.006,0.008,0.0,
80,1.0,0.4,1.0,1.0,0.046,0.044,0.008,0.008,0.006,0.006,1.0,1.0,0.0,
81,1.0,0.4,1.0,0.0,0.052,0.05,0.006,0.006,0.006,0.006,0.006,0.006,0.0,
82,1.0,0.4,1.0,0.0,0.051,0.049,0.006,0.006,0.006,0.006,0.006,0.006,0.0,
83,1.0,0.4,1.0,0.0,0.062,0.049,0.006,0.006,0.006,0.006,0.006,0.008,0.0,
84,1.0,0.4,1.0,0.0,0.05,0.059,0.007,0.008,0.008,0.007,0.008,0.006,0.0,
85,1.0,0.4,1.0,0.0,0.05,0.048,0.008,0.007,0.008,0.006,0.006,0.006,0.0,
86,1.0,0.4,1.0,0.0,0.05,0.048,0.008,0.006,0.006,0.006,0.006,0.006,0.0,
87,1.0,0.4,0.9,1.0,0.05,0.041,0.006,0.006,0.006,0.008,1.0,1.0,0.0,
88,0.0,0.4,0.0,1.0,0.01,0.01,0.006,0.008,0.006,0.006,1.0,1.0,0.0,
89,0.0,0.4,0.0,0.0,0.01,0.013,0.006,0.007,0.006,0.006,0.006,0.006,0.0,
90,0.0,0.4,0.0,0.0,0.013,0.01,0.006,0.006,0.006,0.007,0.006,0.006,0.0,
91,1.0,0.4,1.0,0.0,0.057,0.06,0.006,0.008,0.008,0.007,0.006,0.006,0.0,
92,1.0,0.4,1.0,0.0,0.056,0.065,0.007,0.007,0.007,0.008,0.007,0.006,0.0,
93,1.0,0.4,1.0,0.0,0.056,0.053,0.007,0.007,0.007,0.006,0.006,0.006,0.0,
94,1.0,0.4,1.0,1.0,0.055,0.064,0.008,0.006,0.007,0.006,1.0,1.0,0.0,
95,1.0,0.4,1.0,0.0,0.064,0.063,0.007,0.007,0.007,0.007,0.006,0.006,0.0,
96,1.0,0.4,1.0,0.0,0.063,0.062,0.007,0.008,0.007,0.007,0.006,0.008,0.0,
97,1.0,0.4,1.0,0.0,0.062,0.062,0.007,0.007,0.007,0.007,0.008,0.008,0.0,
98,1.0,0.4,0.9,0.0,0.062,0.052,0.008,0.007,0.008,0.007,0.008,0.006,0.0,
99,0.0,0.4,0.0,0.0,0.01,0.011,0.006,0.008,0.007,0.006,0.006,0.006,0.0,
100,0.0,0.4,0.0,1.0,0.013,0.011,0.006,0.006,0.006,0.006,1.0,1.0,0.0,
101,0.0,0.4,0.0,1.0,0.011,0.011,0.007,0.006,0.007,0.007,1.0,1.0,0.0,
102,1.0,0.4,1.0,1.0,0.063,0.063,0.006,0.007,0.006,0.007,1.0,1.0,0.0,
103,1.0,0.4,1.0,0.0,0.077,0.075,0.008,0.007,0.008,0.007,0.006,0.008,0.0,
104,1.0,0.4,1.0,0.0,0.062,0.074,0.008,0.008,0.007,0.007,0.007,0.006,0.0,
105,1.0,0.4,1.0,0.0,0.062,0.074,0.008,0.007,0.007,0.008,0.006,0.006,0.0,
106,1.0,0.4,1.0,0.0,0.074,0.061,0.008,0.007,0.007,0.008,0.006,0.006,0.0,
107,1.0,0.4,1.0,0.0,0.06,0.06,0.007,0.007,0.007,0.007,0.006,0.006,0.0,
108,1.0,0.4,1.0,1.0,0.06,0.06,0.008,0.007,0.007,0.007,1.0,1.0,0.0,
109,1.0,0.4,1.0,0.0,0.071,0.07,0.007,0.007,0.007,0.007,0.006,0.008,0.0,
110,0.0,0.4,0.0,0.0,0.011,0.011,0.006,0.007,0.008,0.006,0.006,0.006,0.0,
111,0.0,0.4,0.0,0.0,0.013,0.011,0.006,0.006,0.007,0.006,0.006,0.008,0.0,
112,0.0,0.4,0.0,0.0,0.011,0.011,0.006,0.006,0.006,0.006,0.006,0.008,0.0,
113,1.0,0.4,1.0,0.0,0.069,0.077,0.006,0.007,0.007,0.007,0.006,0.006,0.0,
114,1.0,0.4,1.0,1.0,0.069,0.082,0.007,0.007,0.007,0.007,1.0,1.0,0.0,
115,1.0,0.4,1.0,1.0,0.098,0.083,0.007,0.007,0.008,0.007,1.0,1.0,0.0,
116,1.0,0.4,1.0,1.0,0.097,0.082,0.007,0.007,0.007,0.007,1.0,1.0,0.0,
117,1.0,0.4,1.0,0.0,0.078,0.098,0.007,0.007,0.007,0.007,0.008,0.006,0.0,
118,1.0,0.4,1.0,0.0,0.094,0.079,0.007,0.007,0.007,0.007,0.008,0.006,0.0,
119,1.0,0.4,1.0,0.0,0.076,0.078,0.007,0.007,0.008,0.007,0.006,0.008,0.0,
120,1.0,0.4,1.0,0.0,0.074,0.076,0.007,0.007,0.007,0.007,0.007,0.006,0.0,
121,0.0,0.4,0.0,1.0,0.011,0.011,0.007,0.008,0.008,0.006,1.0,1.0,0.0,
122,0.0,0.4,0.0,1.0,0.011,0.014,0.006,0.007,0.006,0.007,1.0,1.0,0.0,
123,0.0,0.4,0.0,0.0,0.011,0.011,0.006,0.006,0.006,0.006,0.006,0.006,0.0,
124,1.0,0.4,1.0,0.0,0.084,0.086,0.007,0.007,0.006,0.006,0.006,0.006,0.0,
125,1.0,0.4,1.0,0.0,0.074,0.092,0.007,0.007,0.007,0.007,0.006,0.006,0.0,
126,1.0,0.4,1.0,0.0,0.073,0.075,0.007,0.007,0.007,0.007,0.006,0.006,0.0,
127,1.0,0.4,1.0,0.0,0.072,0.074,0.007,0.007,0.007,0.007,0.006,0.006,0.0,
128,1.0,0.4,1.0,1.0,0.086,0.072,0.008,0.007,0.007,0.007,1.0,1.0,0.0,
129,1.0,0.4,1.0,1.0,0.088,0.104,0.007,0.007,0.007,0.007,1.0,1.0,0.0,
130,1.0,0.4,1.0,1.0,0.088,0.085,0.007,0.007,0.007,0.007,1.0,1.0,0.0,
131,1.0,0.4,1.0,0.0,0.087,0.083,0.007,0.007,0.008,0.007,0.007,0.008,0.0,
132,1.0,0.4,1.0,0.0,0.085,0.099,0.008,0.008,0.007,0.007,0.007,0.006,0.0,
133,0.0,0.4,0.0,0.0,0.011,0.011,0.008,0.007,0.007,0.006,0.008,0.006,0.0,
134,0.0,0.4,0.0,0.0,0.011,0.014,0.006,0.006,0.006,0.006,0.008,0.006,0.0,
135,0.0,0.4,0.0,1.0,0.014,0.014,0.006,0.006,0.007,0.006,1.0,1.0,0.0,
136,1.0,0.4,1.0,0.0,0.097,0.094,0.008,0.006,0.008,0.008,0.006,0.008,0.0,
137,1.0,0.4,1.0,0.0,0.103,0.082,0.007,0.007,0.007,0.007,0.006,0.006,0.0,
138,1.0,0.4,1.0,0.0,0.085,0.08,0.009,0.007,0.007,0.007,0.006,0.008,0.0,
139,1.0,0.4,1.0,0.0,0.085,0.079,0.008,0.008,0.007,0.007,0.006,0.006,0.0,
140,1.0,0.4,1.0,0.0,0.083,0.079,0.008,0.007,0.007,0.007,0.008,0.006,0.0,
141,1.0,0.4,1.0,0.0,0.083,0.079,0.007,0.007,0.007,0.008,0.006,0.006,0.0,
142,1.0,0.4,1.0,1.0,0.082,0.078,0.007,0.007,0.007,0.008,1.0,1.0,0.0,
143,1.0,0.4,1.0,1.0,0.118,0.112,0.007,0.007,0.007,0.007,1.0,1.0,0.0,
144,0.0,0.4,0.0,0.0,0.024,0.011,0.009,0.009,0.007,0.007,0.006,0.006,0.0,
145,0.0,0.4,0.0,0.0,0.014,0.014,0.006,0.008,0.008,0.006,0.008,0.006,0.0,
146,0.0,0.4,0.0,0.0,0.012,0.014,0.006,0.006,0.006,0.008,0.006,0.006,0.0,
147,1.0,0.4,1.0,0.0,0.097,0.103,0.007,0.006,0.007,0.006,0.008,0.006,0.0,
148,1.0,0.4,1.0,0.0,0.117,0.111,0.007,0.009,0.007,0.007,0.006,0.006,0.0,
149,1.0,0.4,1.0,1.0,0.094,0.108,0.007,0.007,0.007,0.007,1.0,1.0,0.0,
150,1.0,0.4,1.0,0.0,0.117,0.115,0.009,0.007,0.007,0.007,0.008,0.006,0.0,
151,1.0,0.4,1.0,0.0,0.138,0.135,0.007,0.008,0.008,0.007,0.006,0.008,0.0,
152,1.0,0.4,1.0,0.0,0.134,0.131,0.009,0.007,0.007,0.007,0.008,0.006,0.0,
153,1.0,0.4,1.0,0.0,0.11,0.131,0.007,0.009,0.007,0.007,0.006,0.008,0.0,
154,1.0,0.4,1.0,0.0,0.108,0.127,0.009,0.007,0.009,0.007,0.007,0.007,0.0,
155,0.0,0.4,0.0,1.0,0.012,0.025,0.006,0.007,0.006,0.007,1.0,1.0,0.0,
156,0.0,0.4,0.0,1.0,0.012,0.012,0.006,0.006,0.006,0.008,1.0,1.0,0.0,
157,0.0,0.4,0.0,1.0,0.012,0.015,0.006,0.006,0.008,0.006,1.0,1.0,0.0,
158,1.0,0.4,0.6,0.0,0.109,0.053,0.006,0.008,0.008,0.007,0.006,0.006,0.0,
159,1.0,0.4,1.0,0.0,0.129,0.123,0.007,0.007,0.009,0.007,0.006,0.008,0.0,
160,1.0,0.4,1.0,0.0,0.106,0.107,0.007,0.009,0.007,0.007,0.007,0.008,0.0,
161,1.0,0.4,1.0,0.0,0.104,0.13,0.007,0.007,0.009,0.007,0.006,0.006,0.0,
162,1.0,0.4,1.0,0.0,0.101,0.107,0.007,0.007,0.009,0.009,0.007,0.007,0.0,
163,1.0,0.4,1.0,1.0,0.099,0.127,0.007,0.007,0.007,0.007,1.0,1.0,0.0,
164,1.0,0.4,1.0,0.0,0.147,0.138,0.007,0.009,0.007,0.007,0.006,0.008,0.0,
165,1.0,0.4,1.0,0.0,0.145,0.161,0.008,0.01,0.008,0.01,0.006,0.006,0.0,
166,0.0,0.4,0.0,0.0,0.026,0.012,0.006,0.008,0.006,0.008,0.007,0.007,0.0,
167,0.0,0.4,0.0,0.0,0.012,0.012,0.006,0.008,0.006,0.006,0.006,0.006,0.0,
168,0.0,0.4,0.0,0.0,0.012,0.012,0.008,0.006,0.006,0.006,0.006,0.008,0.0,
169,1.0,0.4,0.7,1.0,0.13,0.066,0.008,0.006,0.006,0.006,1.0,1.0,0.0,
170,1.0,0.4,1.0,1.0,0.18,0.146,0.008,0.007,0.009,0.008,1.0,1.0,0.0,
171,1.0,0.4,1.0,1.0,0.176,0.17,0.008,0.01,0.008,0.008,1.0,1.0,0.0,
172,1.0,0.4,1.0,0.0,0.169,0.141,0.01,0.01,0.01,0.008,0.008,0.007,0.0,
173,1.0,0.4,1.0,0.0,0.134,0.164,0.008,0.009,0.009,0.008,0.008,0.007,0.0,
174,1.0,0.4,1.0,0.0,0.161,0.131,0.008,0.009,0.008,0.01,0.007,0.007,0.0,
175,1.0,0.4,1.0,0.0,0.129,0.153,0.008,0.008,0.01,0.008,0.007,0.007,0.0,
176,1.0,0.4,1.0,1.0,0.125,0.153,0.007,0.008,0.007,0.01,1.0,1.0,0.0,
177,0.0,0.4,0.0,0.0,0.027,0.013,0.007,0.01,0.006,0.008,0.006,0.006,0.0,
178,0.0,0.4,0.0,0.0,0.012,0.013,0.008,0.006,0.006,0.006,0.008,0.006,0.0,
179,0.0,0.4,0.0,0.0,0.012,0.016,0.006,0.006,0.006,0.006,0.006,0.006,0.0,
180,0.7,0.4,0.5,0.0,0.078,0.05,0.007,0.006,0.006,0.008,0.006,0.006,0.0,
181,1.0,0.4,1.0,0.0,0.159,0.194,0.008,0.01,0.008,0.008,0.006,0.008,0.0,
182,1.0,0.4,1.0,0.0,0.159,0.205,0.008,0.008,0.01,0.01,0.008,0.007,0.0,
183,1.0,0.4,1.0,1.0,0.159,0.205,0.008,0.009,0.008,0.009,1.0,1.0,0.0,
184,1.0,0.4,1.0,1.0,0.214,0.283,0.01,0.009,0.01,0.011,1.0,1.0,0.0,
185,1.0,0.4,1.0,0.0,0.214,0.271,0.009,0.012,0.009,0.01,0.007,0.007,0.0,
186,1.0,0.4,1.0,0.0,0.243,0.21,0.009,0.01,0.009,0.009,0.007,0.007,0.0,
187,1.0,0.4,1.0,0.0,0.229,0.252,0.009,0.009,0.009,0.009,0.007,0.007,0.0,
188,1.0,0.4,1.0,0.0,0.179,0.237,0.009,0.009,0.008,0.009,0.007,0.007,0.0,
189,0.0,0.4,0.0,0.0,0.012,0.013,0.006,0.011,0.006,0.008,0.006,0.006,0.0,
190,0.0,0.4,0.0,1.0,0.012,0.013,0.008,0.006,0.006,0.006,1.0,1.0,0.0,
191,0.0,0.4,0.0,0.0,0.012,0.013,0.006,0.006,0.006,0.006,0.008,0.006,0.0,
192,1.0,0.4,1.0,0.0,0.173,0.187,0.008,0.006,0.006,0.006,0.008,0.006,0.0,
193,1.0,0.4,1.0,0.0,0.208,0.179,0.008,0.008,0.01,0.008,0.007,0.007,0.0,
194,1.0,0.4,1.0,0.0,0.198,0.206,0.009,0.008,0.009,0.009,0.008,0.007,0.0,
195,1.0,0.4,1.0,0.0,0.197,0.205,0.011,0.009,0.009,0.009,0.007,0.007,0.0,
196,1.0,0.4,1.0,1.0,0.156,0.162,0.008,0.008,0.008,0.008,1.0,1.0,0.0,
197,1.0,0.4,1.0,1.0,0.246,0.255,0.01,0.01,0.008,0.01,1.0,1.0,0.0,
198,1.0,0.4,1.0,1.0,0.251,0.26,0.011,0.01,0.011,0.012,1.0,1.0,0.0,
199,0.0,0.4,0.0,0.0,0.013,0.013,0.006,0.01,0.012,0.006,0.007,0.008,0.0,
200,0.0,0.4,0.0,0.0,0.016,0.013,0.006,0.006,0.006,0.008,0.006,0.007,0.0,
201,0.0,0.4,0.0,0.0,0.015,0.013,0.006,0.006,0.006,0.006,0.006,0.006,0.0,
202,0.3,0.4,0.2,0.0,0.031,0.024,0.006,0.006,0.008,0.008,0.006,0.006,0.0,
203,1.0,0.4,1.0,1.0,0.235,0.227,0.009,0.011,0.009,0.006,1.0,1.0,0.0,
204,1.0,0.4,1.0,0.0,0.351,0.29,0.009,0.01,0.014,0.011,0.008,0.007,0.0,
205,1.0,0.4,1.0,0.0,0.33,0.269,0.011,0.01,0.011,0.01,0.007,0.007,0.0,
206,1.0,0.4,1.0,0.0,0.303,0.3,0.013,0.011,0.011,0.01,0.008,0.007,0.0,
207,1.0,0.4,1.0,0.0,0.253,0.299,0.011,0.011,0.012,0.013,0.007,0.008,0.0,
208,1.0,0.4,1.0,0.0,0.302,0.279,0.01,0.01,0.012,0.01,0.007,0.008,0.0,
209,1.0,0.4,1.0,1.0,0.234,0.216,0.011,0.009,0.011,0.009,1.0,1.0,0.0,
210,0.0,0.4,0.0,1.0,0.013,0.014,0.009,0.009,0.006,0.011,1.0,1.0,0.0,
211,0.0,0.4,0.0,1.0,0.013,0.014,0.006,0.006,0.008,0.006,1.0,1.0,0.0,
212,0.0,0.4,0.0,0.0,0.013,0.014,0.006,0.006,0.008,0.006,0.008,0.008,0.0,
213,0.0,0.4,0.1,0.0,0.016,0.019,0.006,0.006,0.008,0.008,0.006,0.006,0.0,
214,1.0,0.4,1.0,0.0,0.367,0.334,0.006,0.008,0.006,0.006,0.006,0.006,0.0,
215,1.0,0.4,1.0,0.0,0.357,0.355,0.012,0.014,0.014,0.012,0.008,0.008,0.0,
216,1.0,0.4,1.0,0.0,0.356,0.356,0.012,0.014,0.012,0.012,0.007,0.007,0.0,
217,1.0,0.4,1.0,1.0,0.327,0.328,0.011,0.012,0.011,0.011,1.0,1.0,0.0,
218,1.0,0.4,1.0,0.0,0.41,0.472,0.016,0.014,0.011,0.015,0.007,0.007,0.0,
219,1.0,0.4,1.0,0.0,0.371,0.433,0.013,0.014,0.016,0.014,0.007,0.007,0.0,
220,1.0,0.4,1.0,0.0,0.437,0.39,0.017,0.014,0.014,0.014,0.009,0.007,0.0,
221,0.0,0.4,0.0,0.0,0.013,0.051,0.006,0.007,0.008,0.007,0.007,0.007,0.0,
222,0.0,0.4,0.0,0.0,0.013,0.017,0.006,0.007,0.006,0.006,0.008,0.006,0.0,
223,0.0,0.4,0.0,1.0,0.013,0.017,0.008,0.006,0.006,0.008,1.0,1.0,0.0,
224,0.0,0.4,0.0,1.0,0.014,0.014,0.006,0.006,0.006,0.006,1.0,1.0,0.0,
225,1.0,0.4,1.0,1.0,0.417,0.368,0.006,0.008,0.006,0.006,1.0,1.0,0.0,
226,1.0,0.4,1.0,0.0,0.401,0.331,0.014,0.015,0.013,0.014,0.007,0.007,0.0,
227,1.0,0.4,1.0,0.0,0.363,0.304,0.013,0.011,0.016,0.011,0.007,0.007,0.0,
228,1.0,0.4,1.0,0.0,0.277,0.361,0.012,0.011,0.01,0.012,0.007,0.007,0.0,
229,1.0,0.4,1.0,0.0,0.329,0.331,0.012,0.012,0.011,0.014,0.007,0.008,0.0,
230,1.0,0.4,1.0,1.0,0.304,0.254,0.011,0.012,0.011,0.011,1.0,1.0,0.0,
231,1.0,0.4,1.0,0.0,0.44,0.414,0.015,0.012,0.011,0.01,0.007,0.007,0.0,
232,0.0,0.4,0.0,0.0,0.013,0.014,0.008,0.014,0.015,0.006,0.007,0.007,0.0,
233,0.0,0.4,0.0,0.0,0.013,0.014,0.006,0.006,0.008,0.006,0.007,0.008,0.0,
234,0.0,0.4,0.0,0.0,0.013,0.017,0.008,0.006,0.006,0.006,0.007,0.006,0.0,
235,0.0,0.4,0.0,0.0,0.016,0.017,0.006,0.006,0.006,0.006,0.006,0.006,0.0,
236,1.0,0.4,1.0,1.0,0.341,0.358,0.006,0.006,0.006,0.006,1.0,1.0,0.0,
237,1.0,0.4,1.0,1.0,0.553,0.534,0.012,0.013,0.012,0.012,1.0,1.0,0.0,
238,1.0,0.4,1.0,1.0,0.483,0.543,0.019,0.018,0.018,0.018,1.0,1.0,0.0,
239,1.0,0.4,1.0,0.0,0.563,0.544,0.016,0.022,0.016,0.018,0.009,0.007,0.0,
240,1.0,0.4,1.0,0.0,0.501,0.486,0.019,0.018,0.023,0.016,0.007,0.007,0.0,
241,1.0,0.4,1.0,0.0,0.446,0.433,0.017,0.018,0.015,0.016,0.007,0.007,0.0,
242,1.0,0.4,1.0,0.0,0.443,0.39,0.015,0.015,0.015,0.013,0.007,0.007,0.0,
243,0.3,0.4,0.0,1.0,0.041,0.014,0.015,0.016,0.015,0.006,1.0,1.0,0.0,
244,0.0,0.4,0.0,0.0,0.014,0.014,0.007,0.006,0.009,0.006,0.007,0.008,0.0,
245,0.0,0.4,0.0,0.0,0.014,0.014,0.006,0.006,0.006,0.006,0.007,0.008,0.0,
246,0.0,0.4,0.0,0.0,0.017,0.014,0.008,0.006,0.006,0.006,0.008,0.006,0.0,
247,1.0,0.4,1.0,0.0,0.435,0.368,0.008,0.008,0.006,0.006,0.006,0.006,0.0,
248,1.0,0.4,1.0,0.0,0.416,0.359,0.017,0.015,0.014,0.015,0.006,0.006,0.0,
249,1.0,0.4,1.0,0.0,0.415,0.358,0.014,0.016,0.014,0.012,0.007,0.007,0.0,
250,1.0,0.4,1.0,1.0,0.416,0.329,0.014,0.012,0.014,0.012,1.0,1.0,0.0,
251,1.0,0.4,1.0,1.0,0.596,0.473,0.018,0.015,0.015,0.015,1.0,1.0,0.0,
252,1.0,0.4,1.0,0.0,0.605,0.482,0.022,0.017,0.022,0.016,0.007,0.007,0.0,
253,1.0,0.4,1.0,0.0,0.537,0.433,0.019,0.015,0.019,0.018,0.007,0.007,0.0,
254,0.4,0.4,0.1,0.0,0.069,0.02,0.023,0.015,0.019,0.006,0.009,0.007,0.0,
255,0.0,0.4,0.0,0.0,0.023,0.014,0.006,0.006,0.006,0.006,0.006,0.008,0.0,
256,0.0,0.4,0.0,0.0,0.014,0.017,0.006,0.006,0.006,0.006,0.006,0.006,0.0,
257,0.0,0.4,0.0,1.0,0.017,0.014,0.006,0.008,0.006,0.006,1.0,1.0,0.0,
258,1.0,0.4,1.0,0.0,0.513,0.41,0.018,0.015,0.006,0.017,0.006,0.008,0.0,
259,1.0,0.4,1.0,0.0,0.539,0.369,0.023,0.015,0.019,0.014,0.007,0.007,0.0,
260,1.0,0.4,1.0,0.0,0.54,0.399,0.02,0.017,0.019,0.017,0.007,0.007,0.0,
261,1.0,0.4,1.0,0.0,0.541,0.397,0.02,0.017,0.019,0.014,0.007,0.007,0.0,
262,1.0,0.4,1.0,0.0,0.482,0.304,0.024,0.012,0.017,0.011,0.007,0.007,0.0,
263,1.0,0.4,1.0,1.0,0.48,0.361,0.021,0.013,0.017,0.014,1.0,1.0,0.0,
264,1.0,0.4,1.0,1.0,0.666,0.519,0.018,0.019,0.017,0.013,1.0,1.0,0.0,
265,0.9,0.4,0.4,1.0,0.567,0.071,0.027,0.007,0.021,0.007,1.0,1.0,0.0,
266,0.0,0.4,0.0,0.0,0.015,0.015,0.006,0.006,0.009,0.007,0.007,0.007,0.0,
267,0.0,0.4,0.0,0.0,0.015,0.015,0.006,0.008,0.006,0.006,0.008,0.008,0.0,
268,0.0,0.4,0.0,0.0,0.015,0.018,0.006,0.006,0.006,0.006,0.006,0.006,0.0,
269,1.0,0.4,1.0,0.0,0.653,0.504,0.006,0.008,0.025,0.006,0.007,0.007,0.0,
270,1.0,0.4,1.0,1.0,0.601,0.529,0.023,0.019,0.028,0.019,1.0,1.0,0.0,
271,1.0,0.4,1.0,0.0,0.777,0.712,0.037,0.02,0.035,0.024,0.01,0.008,0.0,
272,1.0,0.4,1.0,0.0,0.785,0.718,0.038,0.031,0.043,0.035,0.009,0.008,0.0,
273,1.0,0.4,1.0,0.0,0.704,0.72,0.031,0.031,0.03,0.029,0.011,0.009,0.0,
274,1.0,0.4,1.0,0.0,0.702,0.72,0.038,0.031,0.03,0.029,0.008,0.008,0.0,
275,1.0,0.4,1.0,0.0,0.703,0.641,0.031,0.031,0.03,0.029,0.008,0.008,0.0,
276,1.0,0.4,0.5,1.0,0.704,0.11,0.038,0.032,0.03,0.03,1.0,1.0,0.0,
277,0.0,0.4,0.0,1.0,0.016,0.015,0.035,0.008,0.006,0.008,1.0,1.0,0.0,
278,0.0,0.4,0.0,1.0,0.016,0.015,0.006,0.006,0.008,0.006,1.0,1.0,0.0,
279,0.0,0.4,0.0,0.0,0.019,0.018,0.006,0.006,0.006,0.006,0.006,0.006,0.0,
280,1.0,0.4,1.0,0.0,0.835,0.576,0.006,0.027,0.006,0.026,0.007,0.007,0.0,
281,1.0,0.4,1.0,0.0,0.774,0.604,0.053,0.031,0.042,0.028,0.007,0.007,0.0,
282,1.0,0.4,1.0,0.0,0.779,0.605,0.051,0.031,0.045,0.024,0.009,0.008,0.0,
283,1.0,0.4,1.0,0.0,0.779,0.606,0.051,0.026,0.038,0.024,0.009,0.008,0.0,
284,1.0,0.4,1.0,1.0,0.698,0.607,0.034,0.026,0.038,0.024,1.0,1.0,0.0,
285,1.0,0.4,1.0,0.0,0.842,0.775,0.053,0.049,0.058,0.031,0.008,0.008,0.0,
286,1.0,0.4,1.0,0.0,0.847,0.78,0.053,0.042,0.048,0.038,0.012,0.009,0.0,
287,1.0,0.4,0.6,0.0,0.848,0.344,0.066,0.014,0.059,0.014,0.01,0.011,0.0,
288,0.0,0.4,0.0,0.0,0.1,0.047,0.008,0.017,0.008,0.014,0.01,0.009,0.0,
289,0.0,0.4,0.0,0.0,0.016,0.016,0.006,0.009,0.006,0.009,0.008,0.008,0.0,
290,0.0,0.4,0.0,1.0,0.016,0.016,0.006,0.006,0.006,0.006,1.0,1.0,0.0,
291,1.0,0.4,1.0,1.0,0.836,0.767,0.054,0.006,0.048,0.008,1.0,1.0,0.0,
292,1.0,0.4,1.0,1.0,0.854,0.706,0.054,0.04,0.058,0.033,1.0,1.0,0.0,
293,1.0,0.4,1.0,0.0,0.779,0.709,0.046,0.036,0.041,0.032,0.01,0.009,0.0,
294,1.0,0.4,1.0,0.0,0.695,0.631,0.056,0.03,0.041,0.027,0.009,0.011,0.0,
295,1.0,0.4,1.0,0.0,0.694,0.628,0.037,0.036,0.041,0.027,0.009,0.008,0.0,
296,1.0,0.4,1.0,0.0,0.697,0.63,0.046,0.029,0.033,0.033,0.008,0.01,0.0,
297,1.0,0.4,1.0,0.0,0.699,0.631,0.038,0.03,0.033,0.027,0.008,0.008,0.0,
298,1.0,0.4,0.8,1.0,0.701,0.37,0.038,0.029,0.04,0.033,1.0,1.0,0.0,
299,0.0,0.4,0.0,0.0,0.085,0.016,0.042,0.006,0.037,0.015,0.009,0.009,0.0,
300,0.0,0.4,0.0,0.0,0.016,0.016,0.008,0.006,0.011,0.006,0.01,0.008,0.0,
301,0.0,0.4,0.0,0.0,0.016,0.019,0.008,0.006,0.006,0.006,0.006,0.008,0.0,
302,1.0,0.4,1.0,0.0,0.829,0.662,0.006,0.034,0.008,0.008,0.006,0.006,0.0,
303,1.0,0.4,1.0,0.0,0.843,0.689,0.059,0.034,0.05,0.033,0.011,0.008,0.0,
304,1.0,0.4,1.0,1.0,0.849,0.69,0.075,0.037,0.063,0.033,1.0,1.0,0.0,
305,1.0,0.4,1.0,1.0,0.914,0.831,0.091,0.058,0.064,0.052,1.0,1.0,0.0,
306,1.0,0.4,1.0,1.0,0.916,0.836,0.092,0.059,0.09,0.051,1.0,1.0,0.0,
307,1.0,0.4,1.0,0.0,0.856,0.759,0.09,0.059,0.073,0.053,0.016,0.012,0.0,
308,1.0,0.4,1.0,0.0,0.78,0.676,0.077,0.038,0.064,0.042,0.012,0.011,0.0,
309,1.0,0.4,1.0,0.0,0.779,0.675,0.074,0.038,0.05,0.042,0.011,0.012,0.0,
310,0.0,0.4,0.0,0.0,0.016,0.081,0.006,0.008,0.05,0.007,0.009,0.009,0.0,
311,0.0,0.4,0.0,1.0,0.016,0.015,0.006,0.006,0.006,0.008,1.0,1.0,0.0,
312,0.0,0.4,0.0,0.0,0.019,0.019,0.006,0.006,0.006,0.006,0.008,0.006,0.0,
313,1.0,0.4,1.0,0.0,0.762,0.575,0.059,0.033,0.006,0.008,0.006,0.006,0.0,
314,1.0,0.4,1.0,0.0,0.787,0.604,0.059,0.029,0.058,0.03,0.006,0.007,0.0,
315,1.0,0.4,1.0,0.0,0.706,0.605,0.061,0.032,0.051,0.035,0.009,0.009,0.0,
316,1.0,0.4,1.0,0.0,0.705,0.606,0.049,0.032,0.041,0.029,0.009,0.009,0.0,
317,1.0,0.4,1.0,0.0,0.707,0.539,0.05,0.027,0.041,0.024,0.011,0.01,0.0,
318,1.0,0.4,1.0,1.0,0.707,0.537,0.061,0.026,0.041,0.029,1.0,1.0,0.0,
319,1.0,0.4,1.0,1.0,0.849,0.712,0.088,0.045,0.067,0.047,1.0,1.0,0.0,
320,1.0,0.4,1.0,0.0,0.854,0.721,0.109,0.056,0.067,0.041,0.011,0.012,0.0,
321,0.0,0.4,0.0,0.0,0.015,0.016,0.006,0.046,0.006,0.006,0.006,0.006,0.0,
322,0.0,0.4,0.0,0.0,0.019,0.016,0.006,0.006,0.006,0.006,0.008,0.006,0.0,
323,0.0,0.4,0.0,0.0,0.015,0.019,0.008,0.006,0.006,0.006,0.006,0.008,0.0,
324,0.0,0.4,0.0,0.0,0.019,0.016,0.006,0.006,0.008,0.006,0.006,0.006,0.0,
325,1.0,0.4,1.0,1.0,0.759,0.615,0.006,0.034,0.051,0.006,1.0,1.0,0.0,
326,1.0,0.4,1.0,0.0,0.882,0.799,0.097,0.037,0.083,0.031,0.011,0.012,0.0,
327,1.0,0.4,1.0,0.0,0.889,0.806,0.099,0.064,0.083,0.051,0.012,0.012,0.0,
328,1.0,0.4,1.0,0.0,0.889,0.809,0.101,0.065,0.099,0.051,0.012,0.012,0.0,
329,1.0,0.4,1.0,0.0,0.889,0.809,0.101,0.065,0.079,0.051,0.014,0.015,0.0,
330,1.0,0.4,1.0,0.0,0.889,0.809,0.101,0.065,0.08,0.051,0.012,0.011,0.0,
331,1.0,0.4,1.0,1.0,0.821,0.73,0.1,0.078,0.08,0.062,1.0,1.0,0.0,
332,1.0,0.4,0.9,1.0,0.906,0.772,0.104,0.084,0.12,0.065,1.0,1.0,0.0,
333,0.0,0.4,0.0,1.0,0.106,0.017,0.16,0.07,0.1,0.054,1.0,1.0,0.0,
334,0.0,0.4,0.0,0.0,0.016,0.017,0.009,0.006,0.02,0.006,0.007,0.007,0.0,
335,0.0,0.4,0.0,0.0,0.016,0.017,0.006,0.006,0.006,0.006,0.007,0.006,0.0,
336,1.0,0.4,1.0,0.0,0.898,0.844,0.135,0.008,0.006,0.065,0.007,0.006,0.0,
337,1.0,0.4,1.0,0.0,0.913,0.857,0.176,0.087,0.113,0.078,0.008,0.009,0.0,
338,1.0,0.4,1.0,0.0,0.915,0.863,0.151,0.111,0.099,0.066,0.015,0.018,0.0,
339,1.0,0.4,1.0,1.0,0.916,0.866,0.184,0.096,0.12,0.081,1.0,1.0,0.0,
340,1.0,0.4,1.0,0.0,0.945,0.92,0.27,0.168,0.162,0.098,0.025,0.019,0.0,
341,1.0,0.4,1.0,0.0,0.946,0.922,0.311,0.147,0.172,0.096,0.025,0.021,0.0,
342,1.0,0.4,1.0,0.0,0.947,0.922,0.322,0.178,0.167,0.094,0.031,0.021,0.0,
343,1.0,0.4,1.0,0.0,0.947,0.923,0.326,0.151,0.167,0.115,0.026,0.023,0.0,
344,0.0,0.4,0.0,0.0,0.016,0.018,0.006,0.006,0.022,0.006,0.02,0.023,0.0,
345,0.0,0.4,0.0,1.0,0.02,0.018,0.007,0.006,0.008,0.008,1.0,1.0,0.0,
346,0.0,0.4,0.0,1.0,0.02,0.022,0.007,0.007,0.006,0.006,1.0,1.0,0.0,
347,1.0,0.4,1.0,1.0,0.892,0.917,0.213,0.152,0.008,0.006,1.0,1.0,0.0,
348,1.0,0.4,1.0,0.0,0.911,0.928,0.275,0.191,0.114,0.103,0.016,0.017,0.0,
349,1.0,0.4,1.0,0.0,0.85,0.874,0.228,0.163,0.098,0.08,0.015,0.016,0.0,
350,1.0,0.4,1.0,0.0,0.853,0.875,0.192,0.162,0.117,0.079,0.017,0.014,0.0,
351,1.0,0.4,1.0,0.0,0.856,0.875,0.233,0.162,0.097,0.079,0.017,0.014,0.0,
352,1.0,0.4,1.0,1.0,0.86,0.804,0.201,0.128,0.096,0.079,1.0,1.0,0.0,
353,1.0,0.4,1.0,1.0,0.923,0.896,0.334,0.163,0.123,0.103,1.0,1.0,0.0,
354,1.0,0.4,1.0,0.0,0.927,0.899,0.439,0.223,0.147,0.121,0.023,0.018,0.0,
355,0.0,0.4,0.0,0.0,0.016,0.017,0.401,0.217,0.006,0.119,0.009,0.026,0.0,
356,0.0,0.4,0.0,0.0,0.016,0.017,0.007,0.006,0.006,0.006,0.006,0.006,0.0,
357,0.0,0.4,0.0,0.0,0.019,0.017,0.007,0.008,0.006,0.006,0.006,0.006,0.0,
358,1.0,0.4,1.0,0.0,0.86,0.818,0.306,0.138,0.006,0.087,0.006,0.006,0.0,
359,1.0,0.4,1.0,1.0,0.892,0.845,0.406,0.157,0.126,0.083,1.0,1.0,0.0,
360,1.0,0.4,1.0,1.0,0.929,0.909,0.63,0.298,0.201,0.145,1.0,1.0,0.0,
361,1.0,0.4,1.0,1.0,0.935,0.915,0.697,0.332,0.217,0.147,1.0,1.0,0.0,
362,1.0,0.4,1.0,0.0,0.937,0.916,0.723,0.342,0.176,0.142,0.038,0.033,0.0,
363,1.0,0.4,1.0,0.0,0.886,0.857,0.576,0.265,0.175,0.095,0.032,0.021,0.0,
364,1.0,0.4,1.0,0.0,0.894,0.861,0.613,0.223,0.165,0.113,0.024,0.022,0.0,
365,1.0,0.4,1.0,0.0,0.895,0.864,0.624,0.232,0.134,0.093,0.019,0.027,0.0,
366,0.0,0.4,0.0,1.0,0.105,0.017,0.626,0.277,0.009,0.091,1.0,1.0,0.0,
367,0.0,0.4,0.0,0.0,0.017,0.017,0.067,0.007,0.008,0.017,0.007,0.007,0.0,
368,0.0,0.4,0.0,0.0,0.02,0.017,0.007,0.007,0.006,0.008,0.007,0.007,0.0,
369,1.0,0.4,1.0,0.0,0.889,0.853,0.009,0.007,0.131,0.006,0.006,0.008,0.0,
370,1.0,0.4,1.0,0.0,0.899,0.793,0.828,0.317,0.131,0.123,0.021,0.02,0.0,
371,1.0,0.4,1.0,0.0,0.933,0.83,0.924,0.427,0.158,0.126,0.025,0.028,0.0,
372,1.0,0.4,1.0,1.0,0.936,0.842,0.947,0.469,0.174,0.13,1.0,1.0,0.0,
373,1.0,0.4,1.0,1.0,0.952,0.909,0.976,0.652,0.27,0.17,1.0,1.0,0.0,
374,1.0,0.4,1.0,1.0,0.953,0.917,0.977,0.789,0.259,0.176,1.0,1.0,0.0,
375,1.0,0.4,1.0,0.0,0.91,0.921,0.93,0.816,0.214,0.17,0.052,0.053,0.0,
376,1.0,0.4,1.0,0.0,0.848,0.864,0.876,0.668,0.2,0.167,0.045,0.035,0.0,
377,0.0,0.4,0.0,0.0,0.016,0.017,0.821,0.007,0.006,0.022,0.035,0.033,0.0,
378,0.0,0.4,0.0,0.0,0.016,0.017,0.007,0.007,0.006,0.006,0.007,0.006,0.0,
379,0.0,0.4,0.0,1.0,0.016,0.017,0.007,0.008,0.006,0.008,1.0,1.0,0.0,
380,1.0,0.4,0.9,0.0,0.838,0.779,0.799,0.007,0.006,0.1,0.008,0.006,0.0,
381,1.0,0.4,1.0,0.0,0.853,0.874,0.832,0.542,0.149,0.134,0.025,0.01,0.0,
382,1.0,0.4,1.0,0.0,0.857,0.907,0.838,0.823,0.134,0.162,0.026,0.023,0.0,
383,1.0,0.4,1.0,0.0,0.858,0.918,0.843,0.866,0.132,0.177,0.029,0.032,0.0,
384,1.0,0.4,1.0,0.0,0.858,0.92,0.845,0.882,0.132,0.148,0.024,0.023,0.0,
385,1.0,0.4,1.0,1.0,0.784,0.92,0.774,0.884,0.128,0.144,1.0,1.0,0.0,
386,1.0,0.4,1.0,1.0,0.89,0.944,0.922,0.952,0.221,0.216,1.0,1.0,0.0,
387,1.0,0.4,1.0,1.0,0.899,0.945,0.935,0.963,0.22,0.246,1.0,1.0,0.0,
388,0.0,0.4,0.0,0.0,0.017,0.018,0.1,0.007,0.173,0.006,0.048,0.051,0.0,
389,0.0,0.4,0.0,0.0,0.02,0.018,0.007,0.007,0.006,0.006,0.019,0.02,0.0,
390,0.0,0.4,0.0,0.0,0.02,0.018,0.007,0.007,0.007,0.006,0.006,0.009,0.0,
391,1.0,0.4,1.0,0.0,0.89,0.94,0.007,0.958,0.168,0.006,0.006,0.013,0.0,
392,1.0,0.4,1.0,1.0,0.836,0.956,0.924,0.978,0.166,0.209,1.0,1.0,0.0,
393,1.0,0.4,1.0,0.0,0.946,0.956,0.965,0.982,0.19,0.352,0.033,0.092,0.0,
394,1.0,0.4,1.0,0.0,0.957,0.916,0.99,0.944,0.312,0.331,0.066,0.079,0.0,
395,1.0,0.4,1.0,0.0,0.958,0.919,0.99,0.947,0.324,0.299,0.121,0.125,0.0,
396,1.0,0.4,1.0,0.0,0.958,0.921,0.99,0.95,0.335,0.259,0.137,0.112,0.0,
397,1.0,0.4,1.0,0.0,0.958,0.922,0.99,0.951,0.339,0.263,0.109,0.113,0.0,
398,0.0,0.4,0.0,1.0,0.017,0.017,0.106,0.007,0.006,0.245,1.0,1.0,0.0,
399,0.0,0.4,0.0,1.0,0.017,0.017,0.007,0.008,0.006,0.034,1.0,1.0,0.0,
400,0.0,0.4,0.0,1.0,0.017,0.017,0.007,0.007,0.006,0.007,1.0,1.0,0.0,
401,1.0,0.4,0.9,0.0,0.911,0.766,0.007,0.008,0.006,0.234,0.006,0.006,0.0,
402,1.0,0.4,1.0,0.0,0.861,0.807,0.943,0.726,0.226,0.199,0.048,0.018,0.0,
403,1.0,0.4,1.0,0.0,0.921,0.882,0.964,0.926,0.196,0.277,0.06,0.066,0.0,
404,1.0,0.4,1.0,0.0,0.922,0.894,0.98,0.935,0.283,0.356,0.061,0.086,0.0,
405,1.0,0.4,1.0,1.0,0.923,0.895,0.98,0.942,0.287,0.376,1.0,1.0,0.0,
406,1.0,0.4,1.0,0.0,0.945,0.933,0.984,0.966,0.468,0.567,0.217,0.536,0.536,
407,1.0,0.4,1.0,0.0,0.899,0.881,0.969,0.949,0.361,0.56,0.309,0.342,0.0,
408,1.0,0.4,1.0,0.0,0.904,0.887,0.957,0.929,0.391,0.44,0.283,0.294,0.0,
409,0.0,0.4,0.0,0.0,0.106,0.017,0.014,0.881,0.01,0.007,0.272,0.277,0.0,
410,0.0,0.4,0.0,0.0,0.021,0.02,0.007,0.007,0.007,0.007,0.006,0.033,0.0,
411,0.0,0.4,0.0,1.0,0.017,0.017,0.008,0.009,0.007,0.007,1.0,1.0,0.0,
412,1.0,0.4,1.0,1.0,0.831,0.804,0.855,0.783,0.239,0.007,1.0,1.0,0.0,
413,1.0,0.4,1.0,1.0,0.903,0.886,0.955,0.871,0.337,0.449,1.0,1.0,0.0,
414,1.0,0.4,1.0,0.0,0.908,0.892,0.959,0.937,0.318,0.436,0.142,0.195,0.0,
415,1.0,0.4,1.0,0.0,0.846,0.825,0.877,0.828,0.293,0.322,0.135,0.181,0.0,
416,1.0,0.4,1.0,0.0,0.851,0.834,0.886,0.845,0.231,0.301,0.111,0.114,0.0,
417,1.0,0.4,1.0,0.0,0.776,0.757,0.728,0.667,0.214,0.218,0.057,0.055,0.0,
418,1.0,0.4,1.0,1.0,0.788,0.772,0.736,0.702,0.131,0.178,1.0,1.0,0.0,
419,1.0,0.4,1.0,0.0,0.874,0.87,0.917,0.809,0.172,0.233,0.042,0.049,0.0,
420,0.0,0.4,0.0,0.0,0.018,0.016,0.921,0.852,0.007,0.007,0.036,0.048,0.0,
421,0.0,0.4,0.0,0.0,0.018,0.02,0.007,0.007,0.007,0.007,0.006,0.006,0.0,
422,1.0,0.4,0.7,0.0,0.867,0.427,0.908,0.153,0.008,0.049,0.006,0.006,0.0,
423,1.0,0.4,1.0,0.0,0.921,0.801,0.95,0.167,0.289,0.048,0.007,0.025,0.0,
424,1.0,0.4,1.0,1.0,0.923,0.81,0.97,0.782,0.24,0.24,1.0,1.0,0.0,
425,1.0,0.4,1.0,1.0,0.945,0.926,0.98,0.972,0.447,0.554,1.0,1.0,0.0,
426,1.0,0.4,1.0,1.0,0.945,0.932,0.984,0.976,0.411,0.504,1.0,1.0,0.0,
427,1.0,0.4,1.0,0.0,0.945,0.932,0.984,0.976,0.369,0.453,0.274,0.245,0.0,
428,1.0,0.4,1.0,0.0,0.899,0.88,0.963,0.923,0.334,0.349,0.157,0.216,0.0,
429,1.0,0.4,1.0,0.0,0.834,0.809,0.9,0.868,0.221,0.254,0.054,0.044,0.0,
430,0.0,0.4,0.0,0.0,0.017,0.016,0.096,0.715,0.006,0.234,0.019,0.05,0.0,
431,0.0,0.4,0.0,1.0,0.021,0.016,0.009,0.007,0.008,0.006,1.0,1.0,0.0,
432,0.0,0.4,0.0,0.0,0.017,0.017,0.007,0.007,0.007,0.008,0.006,0.006,0.0,
433,1.0,0.4,0.7,0.0,0.736,0.362,0.608,0.078,0.006,0.031,0.007,0.008,0.0,
434,1.0,0.4,1.0,0.0,0.828,0.725,0.831,0.078,0.134,0.038,0.007,0.007,0.0,
435,1.0,0.4,1.0,0.0,0.85,0.656,0.856,0.447,0.191,0.16,0.022,0.013,0.0,
436,1.0,0.4,1.0,0.0,0.854,0.721,0.879,0.618,0.21,0.169,0.036,0.031,0.0,
437,1.0,0.4,1.0,1.0,0.857,0.751,0.885,0.696,0.18,0.188,1.0,1.0,0.0,
438,1.0,0.4,1.0,1.0,0.913,0.854,0.938,0.796,0.348,0.353,1.0,1.0,0.0,
439,1.0,0.4,1.0,1.0,0.915,0.863,0.963,0.914,0.33,0.29,1.0,1.0,0.0,
440,1.0,0.4,1.0,0.0,0.916,0.872,0.964,0.92,0.303,0.322,0.124,0.103,0.0,
441,0.0,0.4,0.0,0.0,0.109,0.017,0.111,0.098,0.038,0.007,0.106,0.087,0.0,
442,0.0,0.4,0.0,0.0,0.018,0.017,0.015,0.007,0.01,0.007,0.007,0.017,0.0,
443,0.0,0.4,0.0,0.0,0.018,0.021,0.007,0.007,0.007,0.007,0.008,0.006,0.0,
444,1.0,0.4,1.0,1.0,0.847,0.784,0.878,0.768,0.185,0.208,1.0,1.0,0.0,
445,1.0,0.4,1.0,0.0,0.942,0.925,0.964,0.976,0.303,0.47,0.085,0.037,0.0,
446,1.0,0.4,1.0,0.0,0.951,0.944,0.987,0.982,0.333,0.455,0.161,0.209,0.0,
447,1.0,0.4,1.0,0.0,0.951,0.944,0.988,0.985,0.347,0.473,0.203,0.203,0.0,
448,1.0,0.4,1.0,0.0,0.952,0.944,0.988,0.985,0.417,0.485,0.213,0.33,0.0,
449,1.0,0.4,1.0,0.0,0.952,0.944,0.988,0.985,0.42,0.489,0.266,0.336,0.0,
450,1.0,0.4,1.0,1.0,0.952,0.945,0.989,0.985,0.434,0.504,1.0,1.0,0.0,
451,0.0,0.4,0.0,1.0,0.02,0.02,0.989,0.007,0.618,0.007,1.0,1.0,0.0,
452,0.0,0.4,0.0,1.0,0.02,0.02,0.007,0.007,0.007,0.007,1.0,1.0,0.0,
453,0.0,0.4,0.0,0.0,0.025,0.02,0.008,0.007,0.007,0.007,0.032,0.006,0.0,
454,0.8,0.4,0.5,0.0,0.834,0.388,0.962,0.007,0.436,0.007,0.087,0.036,0.0,
455,1.0,0.4,1.0,0.0,0.958,0.949,0.967,0.23,0.47,0.687,0.127,0.05,0.0,
456,1.0,0.4,1.0,0.0,0.958,0.954,0.99,0.987,0.646,0.723,0.741,0.765,0.765,
457,1.0,0.4,1.0,1.0,0.96,0.959,0.991,0.99,0.805,0.854,1.0,1.0,0.0,
458,1.0,0.4,1.0,0.0,0.96,0.922,0.991,0.976,0.856,0.894,0.964,0.951,0.951,
459,1.0,0.4,1.0,0.0,0.922,0.865,0.968,0.933,0.734,0.789,0.869,0.904,0.904,
460,1.0,0.4,1.0,0.0,0.866,0.791,0.936,0.832,0.648,0.634,0.673,0.583,0.583,
461,1.0,0.4,1.0,0.0,0.793,0.709,0.752,0.662,0.407,0.357,0.526,0.102,0.0,
462,0.0,0.4,0.0,0.0,0.096,0.017,0.747,0.007,0.359,0.007,0.159,0.122,0.0,
463,0.0,0.4,0.0,1.0,0.018,0.017,0.012,0.007,0.044,0.007,1.0,1.0,0.0,
464,0.0,0.4,0.0,1.0,0.018,0.017,0.007,0.007,0.007,0.008,1.0,1.0,0.0,
465,0.5,0.4,0.4,1.0,0.212,0.115,0.029,0.013,0.019,0.007,1.0,1.0,0.0,
466,1.0,0.4,1.0,0.0,0.782,0.691,0.029,0.465,0.023,0.274,0.013,0.007,0.0,
467,1.0,0.4,1.0,0.0,0.716,0.634,0.595,0.452,0.259,0.233,0.012,0.018,0.0,
468,1.0,0.4,1.0,0.0,0.795,0.548,0.799,0.197,0.347,0.213,0.047,0.071,0.0,
469,1.0,0.4,1.0,0.0,0.821,0.679,0.852,0.205,0.301,0.116,0.077,0.045,0.0,
470,1.0,0.4,1.0,1.0,0.829,0.686,0.86,0.436,0.334,0.214,1.0,1.0,0.0,
471,1.0,0.4,1.0,0.0,0.895,0.837,0.953,0.813,0.636,0.319,0.509,0.069,0.0,
472,1.0,0.4,1.0,0.0,0.897,0.874,0.955,0.865,0.577,0.556,0.339,0.548,0.548,
473,0.0,0.4,0.0,0.0,0.018,0.018,0.915,0.007,0.007,0.007,0.514,0.532,0.532,
474,0.0,0.4,0.0,0.0,0.018,0.018,0.007,0.007,0.007,0.007,0.006,0.006,0.0,
475,0.0,0.4,0.0,0.0,0.022,0.018,0.007,0.007,0.008,0.008,0.008,0.008,0.0,
476,1.0,0.4,1.0,1.0,0.817,0.788,0.857,0.008,0.376,0.326,1.0,1.0,0.0,
477,1.0,0.4,1.0,1.0,0.94,0.89,0.985,0.711,0.733,0.516,1.0,1.0,0.0,
478,1.0,0.4,1.0,1.0,0.943,0.92,0.985,0.927,0.66,0.655,1.0,1.0,0.0,
479,1.0,0.4,1.0,0.0,0.895,0.926,0.967,0.94,0.582,0.585,0.473,0.559,0.559,
480,1.0,0.4,1.0,0.0,0.829,0.871,0.907,0.894,0.379,0.522,0.396,0.387,0.0,
481,1.0,0.4,1.0,0.0,0.75,0.799,0.668,0.771,0.259,0.401,0.099,0.214,0.0,
482,1.0,0.4,1.0,0.0,0.667,0.718,0.382,0.594,0.177,0.29,0.03,0.048,0.0,
483,0.0,0.4,0.0,1.0,0.081,0.087,0.4,0.011,0.166,0.202,1.0,1.0,0.0,
484,0.0,0.4,0.0,0.0,0.021,0.018,0.011,0.007,0.025,0.01,0.011,0.007,0.0,
485,0.0,0.4,0.0,0.0,0.017,0.018,0.009,0.007,0.007,0.007,0.006,0.006,0.0,
486,0.0,0.4,0.0,0.0,0.017,0.018,0.007,0.007,0.007,0.007,0.008,0.008,0.0,
487,1.0,0.4,1.0,0.0,0.69,0.725,0.007,0.462,0.007,0.248,0.011,0.018,0.0,
488,1.0,0.4,1.0,0.0,0.712,0.802,0.562,0.547,0.211,0.223,0.011,0.045,0.0,
489,1.0,0.4,1.0,1.0,0.793,0.812,0.682,0.701,0.198,0.295,1.0,1.0,0.0,
490,1.0,0.4,1.0,1.0,0.853,0.893,0.848,0.85,0.48,0.415,1.0,1.0,0.0,
491,1.0,0.4,1.0,1.0,0.866,0.901,0.911,0.929,0.447,0.554,1.0,1.0,0.0,
492,1.0,0.4,1.0,0.0,0.871,0.904,0.923,0.934,0.418,0.506,0.294,0.332,0.0,
493,1.0,0.4,1.0,0.0,0.8,0.841,0.874,0.826,0.309,0.454,0.172,0.226,0.0,
494,0.0,0.4,0.0,0.0,0.095,0.019,0.722,0.751,0.282,0.342,0.066,0.073,0.0,
495,0.0,0.4,0.0,0.0,0.021,0.019,0.012,0.007,0.007,0.007,0.066,0.088,0.0,
496,0.0,0.4,0.0,1.0,0.021,0.019,0.007,0.007,0.007,0.007,1.0,1.0,0.0,
497,1.0,0.4,1.0,0.0,0.698,0.745,0.007,0.577,0.007,0.199,0.008,0.006,0.0,
498,1.0,0.4,1.0,0.0,0.642,0.687,0.529,0.454,0.176,0.229,0.037,0.015,0.0,
499,1.0,0.4,1.0,0.0,0.736,0.71,0.684,0.463,0.22,0.186,0.029,0.03,0.0,
500,1.0,0.4,1.0,0.0,0.761,0.711,0.744,0.502,0.233,0.192,0.039,0.046,0.0,
501,1.0,0.4,1.0,0.0,0.771,0.718,0.753,0.513,0.235,0.162,0.048,0.034,0.0,
502,1.0,0.4,1.0,1.0,0.774,0.722,0.769,0.529,0.244,0.201,1.0,1.0,0.0,
503,1.0,0.4,1.0,1.0,0.87,0.836,0.933,0.661,0.457,0.391,1.0,1.0,0.0,
504,1.0,0.4,1.0,1.0,0.882,0.849,0.945,0.85,0.358,0.324,1.0,1.0,0.0,
505,0.0,0.4,0.0,0.0,0.019,0.02,0.945,0.87,0.34,0.007,0.124,0.103,0.0,
506,0.0,0.4,0.0,0.0,0.019,0.024,0.007,0.007,0.007,0.007,0.063,0.026,0.0,
507,0.0,0.4,0.0,0.0,0.019,0.024,0.007,0.007,0.007,0.007,0.006,0.006,0.0,
508,1.0,0.4,1.0,0.0,0.872,0.851,0.934,0.009,0.365,0.007,0.006,0.006,0.0,
509,1.0,0.4,1.0,1.0,0.922,0.863,0.975,0.86,0.412,0.301,1.0,1.0,0.0,
510,1.0,0.4,1.0,0.0,0.925,0.943,0.976,0.967,0.639,0.52,0.65,0.588,0.588,
511,1.0,0.4,1.0,0.0,0.87,0.947,0.951,0.986,0.578,0.573,0.563,0.622,0.622,
512,1.0,0.4,1.0,0.0,0.798,0.902,0.794,0.953,0.36,0.46,0.518,0.236,0.0,
513,1.0,0.4,1.0,0.0,0.809,0.839,0.815,0.862,0.331,0.339,0.193,0.164,0.0,
514,1.0,0.4,1.0,0.0,0.731,0.761,0.627,0.687,0.236,0.239,0.089,0.093,0.0,
515,0.3,0.4,0.0,1.0,0.071,0.018,0.01,0.687,0.218,0.183,1.0,1.0,0.0,
516,0.0,0.4,0.0,1.0,0.018,0.018,0.01,0.007,0.007,0.007,1.0,1.0,0.0,
517,0.0,0.4,0.0,1.0,0.018,0.018,0.007,0.007,0.007,0.007,1.0,1.0,0.0,
518,0.0,0.4,0.0,0.0,0.018,0.018,0.008,0.007,0.007,0.008,0.006,0.006,0.0,
519,1.0,0.4,1.0,0.0,0.735,0.749,0.007,0.009,0.007,0.225,0.008,0.006,0.0,
520,1.0,0.4,1.0,0.0,0.755,0.768,0.649,0.763,0.294,0.225,0.067,0.02,0.0,
521,1.0,0.4,1.0,0.0,0.839,0.856,0.859,0.862,0.422,0.39,0.067,0.188,0.0,
522,1.0,0.4,1.0,0.0,0.857,0.865,0.893,0.939,0.413,0.374,0.223,0.221,0.0,
523,1.0,0.4,1.0,1.0,0.869,0.878,0.912,0.945,0.457,0.341,1.0,1.0,0.0,
524,1.0,0.4,1.0,0.0,0.905,0.909,0.957,0.971,0.676,0.593,0.421,0.721,0.721,
525,1.0,0.4,1.0,0.0,0.843,0.848,0.873,0.941,0.608,0.535,0.605,0.555,0.555,
526,0.6,0.4,0.2,0.0,0.433,0.14,0.179,0.918,0.078,0.496,0.034,0.553,0.553,
527,0.0,0.4,0.0,0.0,0.019,0.019,0.217,0.007,0.077,0.054,0.011,0.071,0.0,
528,0.0,0.4,0.0,1.0,0.019,0.019,0.028,0.007,0.007,0.007,1.0,1.0,0.0,
529,0.0,0.4,0.0,1.0,0.019,0.019,0.009,0.007,0.007,0.007,1.0,1.0,0.0,
530,1.0,0.4,1.0,1.0,0.864,0.852,0.007,0.905,0.568,0.469,1.0,1.0,0.0,
531,1.0,0.4,1.0,0.0,0.876,0.911,0.905,0.946,0.547,0.448,0.456,0.355,0.0,
532,1.0,0.4,1.0,0.0,0.895,0.852,0.936,0.901,0.512,0.401,0.349,0.236,0.0,
533,1.0,0.4,1.0,0.0,0.83,0.777,0.845,0.841,0.38,0.287,0.114,0.229,0.0,
534,1.0,0.4,1.0,0.0,0.751,0.695,0.774,0.54,0.341,0.263,0.13,0.105,0.0,
535,1.0,0.4,1.0,0.0,0.762,0.743,0.674,0.564,0.216,0.197,0.036,0.034,0.0,
536,1.0,0.4,1.0,1.0,0.764,0.666,0.688,0.596,0.216,0.22,1.0,1.0,0.0,
537,0.0,0.4,0.0,0.0,0.019,0.018,0.808,0.606,0.335,0.219,0.043,0.071,0.0,
538,0.0,0.4,0.0,0.0,0.023,0.018,0.007,0.007,0.007,0.027,0.089,0.017,0.0,
539,0.0,0.4,0.0,0.0,0.019,0.022,0.007,0.007,0.007,0.007,0.006,0.006,0.0,
540,1.0,0.4,1.0,0.0,0.854,0.804,0.896,0.812,0.436,0.008,0.006,0.008,0.0,
541,1.0,0.4,1.0,0.0,0.911,0.885,0.965,0.888,0.353,0.351,0.147,0.129,0.0,
542,1.0,0.4,1.0,1.0,0.914,0.891,0.967,0.947,0.517,0.433,1.0,1.0,0.0,
543,1.0,0.4,1.0,1.0,0.934,0.925,0.976,0.966,0.727,0.682,1.0,1.0,0.0,
544,1.0,0.4,1.0,1.0,0.934,0.926,0.98,0.975,0.676,0.654,1.0,1.0,0.0,
545,1.0,0.4,1.0,0.0,0.934,0.926,0.98,0.975,0.595,0.578,0.657,0.642,0.642,
546,1.0,0.4,1.0,0.0,0.884,0.871,0.935,0.947,0.46,0.509,0.457,0.388,0.0,
547,1.0,0.4,1.0,0.0,0.815,0.799,0.886,0.784,0.332,0.315,0.242,0.179,0.0,
548,0.0,0.4,0.0,0.0,0.018,0.017,0.743,0.709,0.007,0.281,0.065,0.09,0.0,
549,0.0,0.4,0.0,1.0,0.018,0.017,0.007,0.076,0.007,0.033,1.0,1.0,0.0,
550,0.0,0.4,0.0,0.0,0.018,0.021,0.008,0.007,0.007,0.008,0.007,0.006,0.0,
551,1.0,0.4,1.0,0.0,0.717,0.699,0.007,0.544,0.007,0.007,0.008,0.006,0.0,
552,1.0,0.4,1.0,0.0,0.737,0.794,0.558,0.778,0.189,0.268,0.042,0.006,0.0,
553,1.0,0.4,1.0,0.0,0.812,0.823,0.796,0.843,0.296,0.319,0.066,0.049,0.0,
554,1.0,0.4,1.0,0.0,0.837,0.832,0.827,0.86,0.304,0.334,0.091,0.084,0.0,
555,1.0,0.4,1.0,1.0,0.842,0.835,0.858,0.867,0.333,0.338,1.0,1.0,0.0,
556,1.0,0.4,1.0,1.0,0.901,0.897,0.923,0.953,0.422,0.574,1.0,1.0,0.0,
557,1.0,0.4,1.0,1.0,0.904,0.902,0.954,0.957,0.532,0.522,1.0,1.0,0.0,
558,1.0,0.4,0.7,0.0,0.905,0.62,0.956,0.957,0.478,0.193,0.375,0.374,0.0,
559,0.0,0.4,0.0,0.0,0.019,0.078,0.007,0.011,0.007,0.009,0.042,0.05,0.0,
560,0.0,0.4,0.0,0.0,0.019,0.019,0.007,0.011,0.008,0.009,0.008,0.006,0.0,
561,0.0,0.4,0.0,0.0,0.019,0.019,0.007,0.007,0.007,0.007,0.006,0.006,0.0,
562,1.0,0.4,1.0,1.0,0.829,0.863,0.009,0.901,0.007,0.008,1.0,1.0,0.0,
563,1.0,0.4,1.0,0.0,0.906,0.949,0.91,0.971,0.404,0.493,0.006,0.006,0.0,
564,1.0,0.4,1.0,0.0,0.933,0.956,0.958,0.989,0.419,0.471,0.261,0.26,0.0,
565,1.0,0.4,1.0,0.0,0.934,0.956,0.968,0.989,0.48,0.537,0.308,0.357,0.0,
566,1.0,0.4,1.0,0.0,0.935,0.957,0.969,0.99,0.496,0.554,0.425,0.454,0.0,
567,1.0,0.4,1.0,0.0,0.937,0.957,0.971,0.99,0.454,0.588,0.458,0.502,0.502,
568,1.0,0.4,1.0,1.0,0.937,0.957,0.972,0.99,0.54,0.519,1.0,1.0,0.0,
569,1.0,0.4,0.8,1.0,0.944,0.858,0.978,0.974,0.684,0.597,1.0,1.0,0.0,
570,0.0,0.4,0.0,1.0,0.02,0.02,0.979,0.974,0.617,0.534,1.0,1.0,0.0,
571,0.0,0.4,0.0,0.0,0.02,0.02,0.105,0.007,0.007,0.058,0.484,0.45,0.0,
572,0.0,0.4,0.0,0.0,0.02,0.024,0.009,0.007,0.007,0.007,0.006,0.008,0.0,
573,1.0,0.4,1.0,0.0,0.938,0.955,0.976,0.988,0.581,0.007,0.006,0.006,0.0,
574,1.0,0.4,1.0,0.0,0.952,0.961,0.986,0.99,0.555,0.642,0.115,0.055,0.0,
575,1.0,0.4,1.0,1.0,0.952,0.961,0.986,0.991,0.584,0.702,1.0,1.0,0.0,
576,1.0,0.4,1.0,0.0,0.956,0.963,0.989,0.991,0.805,0.886,0.872,0.847,0.847,
577,1.0,0.4,1.0,0.0,0.916,0.927,0.962,0.97,0.731,0.778,0.875,0.79,0.79,
578,1.0,0.4,1.0,0.0,0.917,0.927,0.962,0.97,0.68,0.776,0.777,0.787,0.787,
579,1.0,0.4,1.0,0.0,0.859,0.873,0.887,0.939,0.44,0.693,0.656,0.613,0.613,
580,0.0,0.4,0.0,0.0,0.103,0.017,0.101,0.007,0.06,0.543,0.028,0.058,0.0,
581,0.0,0.4,0.0,1.0,0.018,0.017,0.016,0.007,0.011,0.007,1.0,1.0,0.0,
582,0.0,0.4,0.0,1.0,0.018,0.017,0.007,0.007,0.007,0.008,1.0,1.0,0.0,
583,1.0,0.4,1.0,1.0,0.767,0.784,0.008,0.715,0.327,0.385,1.0,1.0,0.0,
584,1.0,0.4,1.0,0.0,0.785,0.869,0.71,0.899,0.346,0.488,0.116,0.108,0.0,
585,1.0,0.4,1.0,0.0,0.706,0.798,0.664,0.84,0.322,0.36,0.152,0.11,0.0,
586,1.0,0.4,1.0,0.0,0.627,0.808,0.417,0.77,0.184,0.356,0.086,0.052,0.0,
587,1.0,0.4,1.0,0.0,0.743,0.81,0.417,0.782,0.138,0.287,0.034,0.04,0.0,
588,1.0,0.4,1.0,1.0,0.664,0.731,0.446,0.713,0.188,0.321,1.0,1.0,0.0,
589,1.0,0.4,1.0,0.0,0.809,0.862,0.789,0.9,0.235,0.532,0.06,0.182,0.0,
590,1.0,0.4,0.8,0.0,0.847,0.706,0.874,0.916,0.334,0.488,0.177,0.223,0.0,
591,0.0,0.4,0.0,0.0,0.019,0.086,0.887,0.012,0.461,0.01,0.094,0.227,0.0,
592,0.0,0.4,0.0,0.0,0.024,0.018,0.007,0.012,0.051,0.007,0.008,0.044,0.0,
593,0.0,0.4,0.0,0.0,0.019,0.018,0.009,0.009,0.007,0.007,0.006,0.006,0.0,
594,1.0,0.4,1.0,1.0,0.848,0.878,0.876,0.924,0.44,0.51,1.0,1.0,0.0,
595,1.0,0.4,1.0,1.0,0.943,0.954,0.985,0.977,0.778,0.742,1.0,1.0,0.0,
596,1.0,0.4,1.0,1.0,0.945,0.955,0.986,0.989,0.702,0.758,1.0,1.0,0.0,
597,1.0,0.4,1.0,0.0,0.899,0.955,0.968,0.989,0.56,0.674,0.672,0.653,0.653,
598,1.0,0.4,1.0,0.0,0.834,0.914,0.911,0.974,0.492,0.59,0.25,0.272,0.0,
599,1.0,0.4,1.0,0.0,0.756,0.854,0.786,0.885,0.367,0.399,0.287,0.136,0.0,
600,1.0,0.4,1.0,0.0,0.779,0.865,0.702,0.894,0.282,0.406,0.097,0.098,0.0,
601,0.0,0.4,0.0,1.0,0.094,0.102,0.667,0.843,0.236,0.01,1.0,1.0,0.0,
602,0.0,0.4,0.0,0.0,0.018,0.017,0.007,0.09,0.007,0.008,0.026,0.019,0.0,
603,0.0,0.4,0.0,0.0,0.022,0.021,0.007,0.007,0.007,0.007,0.006,0.009,0.0,
604,1.0,0.4,1.0,0.0,0.688,0.783,0.007,0.865,0.244,0.008,0.006,0.006,0.0,
605,1.0,0.4,1.0,0.0,0.634,0.878,0.643,0.91,0.203,0.366,0.028,0.016,0.0,
606,1.0,0.4,1.0,0.0,0.738,0.882,0.797,0.961,0.199,0.393,0.048,0.062,0.0,
607,1.0,0.4,1.0,1.0,0.763,0.886,0.811,0.965,0.285,0.406,1.0,1.0,0.0,
608,1.0,0.4,1.0,1.0,0.85,0.925,0.882,0.973,0.569,0.605,1.0,1.0,0.0,
609,1.0,0.4,1.0,1.0,0.856,0.925,0.947,0.981,0.521,0.596,1.0,1.0,0.0,
610,1.0,0.4,1.0,0.0,0.861,0.926,0.949,0.981,0.474,0.528,0.335,0.424,0.0,
611,1.0,0.4,1.0,0.0,0.789,0.871,0.911,0.937,0.347,0.395,0.187,0.219,0.0,
612,0.0,0.4,0.0,0.0,0.018,0.017,0.779,0.007,0.262,0.051,0.03,0.022,0.0,
613,0.0,0.4,0.0,0.0,0.018,0.017,0.083,0.007,0.007,0.008,0.007,0.022,0.0,
614,0.0,0.4,0.0,1.0,0.018,0.021,0.007,0.007,0.007,0.007,1.0,1.0,0.0,
615,1.0,0.4,1.0,0.0,0.686,0.782,0.592,0.78,0.176,0.249,0.006,0.038,0.0,
616,1.0,0.4,1.0,0.0,0.633,0.872,0.472,0.862,0.135,0.339,0.038,0.038,0.0,
617,1.0,0.4,1.0,0.0,0.656,0.879,0.52,0.938,0.151,0.349,0.036,0.05,0.0,
618,1.0,0.4,1.0,0.0,0.665,0.883,0.527,0.943,0.183,0.333,0.036,0.047,0.0,
619,1.0,0.4,1.0,0.0,0.667,0.884,0.469,0.943,0.178,0.307,0.046,0.054,0.0,
620,1.0,0.4,1.0,1.0,0.679,0.884,0.576,0.944,0.187,0.307,1.0,1.0,0.0,
621,1.0,0.4,1.0,1.0,0.817,0.925,0.679,0.976,0.234,0.516,1.0,1.0,0.0,
622,1.0,0.4,1.0,1.0,0.83,0.926,0.886,0.976,0.387,0.47,1.0,1.0,0.0,
623,0.0,0.4,0.0,0.0,0.019,0.018,0.007,0.007,0.044,0.42,0.156,0.162,0.0,
624,0.0,0.4,0.0,0.0,0.024,0.018,0.007,0.007,0.008,0.007,0.008,0.025,0.0,
625,0.0,0.4,0.0,0.0,0.019,0.018,0.007,0.007,0.007,0.008,0.006,0.006,0.0,
626,1.0,0.4,1.0,0.0,0.835,0.859,0.894,0.906,0.346,0.317,0.059,0.095,0.0,
627,1.0,0.4,1.0,1.0,0.905,0.92,0.967,0.97,0.376,0.413,1.0,1.0,0.0,
628,1.0,0.4,1.0,0.0,0.91,0.924,0.97,0.972,0.642,0.635,0.202,0.212,0.0,
629,1.0,0.4,0.9,0.0,0.85,0.79,0.905,0.848,0.505,0.399,0.575,0.699,0.699,
630,1.0,0.4,1.0,0.0,0.893,0.905,0.955,0.892,0.639,0.442,0.412,0.278,0.0,
631,1.0,0.4,1.0,0.0,0.829,0.907,0.916,0.959,0.573,0.559,0.48,0.429,0.0,
632,1.0,0.4,1.0,0.0,0.837,0.912,0.881,0.963,0.433,0.588,0.354,0.556,0.556,
633,0.0,0.4,0.0,1.0,0.018,0.018,0.817,0.928,0.007,0.063,1.0,1.0,0.0,
634,0.0,0.4,0.0,1.0,0.019,0.022,0.007,0.099,0.007,0.007,1.0,1.0,0.0,
635,0.0,0.4,0.0,1.0,0.023,0.022,0.007,0.007,0.008,0.007,1.0,1.0,0.0,
636,1.0,0.4,1.0,0.0,0.743,0.839,0.772,0.919,0.282,0.007,0.006,0.023,0.0,
637,1.0,0.4,1.0,0.0,0.684,0.853,0.629,0.935,0.256,0.434,0.118,0.023,0.0,
638,1.0,0.4,1.0,0.0,0.727,0.862,0.722,0.938,0.257,0.48,0.101,0.14,0.0,
639,1.0,0.4,1.0,0.0,0.74,0.79,0.733,0.832,0.306,0.359,0.122,0.147,0.0,
640,1.0,0.4,1.0,1.0,0.745,0.803,0.756,0.84,0.313,0.369,1.0,1.0,0.0,
641,1.0,0.4,1.0,0.0,0.844,0.875,0.922,0.901,0.559,0.509,0.455,0.526,0.526,
642,1.0,0.4,1.0,0.0,0.853,0.806,0.927,0.904,0.526,0.467,0.48,0.51,0.51,
643,1.0,0.4,0.9,0.0,0.855,0.716,0.934,0.846,0.532,0.469,0.456,0.428,0.0,
644,0.0,0.4,0.0,0.0,0.019,0.018,0.887,0.007,0.478,0.007,0.118,0.052,0.0,
645,0.0,0.4,0.0,0.0,0.023,0.022,0.095,0.007,0.007,0.007,0.02,0.006,0.0,
646,0.0,0.4,0.0,1.0,0.019,0.018,0.009,0.007,0.008,0.007,1.0,1.0,0.0,
647,1.0,0.4,1.0,1.0,0.764,0.797,0.777,0.824,0.332,0.008,1.0,1.0,0.0,
648,1.0,0.4,1.0,1.0,0.855,0.883,0.853,0.947,0.442,0.517,1.0,1.0,0.0,
649,1.0,0.4,1.0,0.0,0.861,0.89,0.934,0.95,0.406,0.487,0.246,0.278,0.0,
650,1.0,0.4,1.0,0.0,0.789,0.824,0.886,0.913,0.376,0.366,0.168,0.269,0.0,
651,1.0,0.4,1.0,0.0,0.709,0.745,0.739,0.678,0.276,0.33,0.07,0.076,0.0,
652,1.0,0.4,1.0,0.0,0.712,0.761,0.613,0.685,0.196,0.237,0.069,0.038,0.0,
653,1.0,0.4,1.0,1.0,0.731,0.763,0.662,0.712,0.151,0.193,1.0,1.0,0.0,
654,1.0,0.4,1.0,0.0,0.837,0.865,0.883,0.821,0.344,0.416,0.026,0.067,0.0,
655,0.0,0.4,0.0,0.0,0.02,0.018,0.007,0.088,0.275,0.047,0.046,0.036,0.0,
656,0.0,0.4,0.0,0.0,0.02,0.023,0.009,0.007,0.007,0.007,0.006,0.027,0.0,
657,1.0,0.4,1.0,0.0,0.833,0.859,0.007,0.007,0.305,0.358,0.008,0.006,0.0,
658,1.0,0.4,1.0,0.0,0.847,0.871,0.89,0.911,0.34,0.381,0.102,0.111,0.0,
659,1.0,0.4,1.0,1.0,0.904,0.92,0.965,0.957,0.355,0.472,1.0,1.0,0.0,
660,1.0,0.4,1.0,1.0,0.908,0.922,0.966,0.973,0.597,0.692,1.0,1.0,0.0,
661,1.0,0.4,1.0,1.0,0.908,0.922,0.967,0.974,0.54,0.623,1.0,1.0,0.0,
662,1.0,0.4,1.0,0.0,0.908,0.866,0.967,0.915,0.478,0.548,0.347,0.298,0.0,
663,1.0,0.4,1.0,0.0,0.848,0.793,0.897,0.859,0.359,0.349,0.102,0.1,0.0,
664,1.0,0.4,1.0,0.0,0.772,0.711,0.836,0.57,0.323,0.25,0.084,0.087,0.0,
665,0.0,0.4,0.0,0.0,0.019,0.087,0.747,0.591,0.037,0.215,0.062,0.052,0.0,
666,0.0,0.4,0.0,1.0,0.019,0.018,0.007,0.007,0.008,0.026,1.0,1.0,0.0,
667,0.0,0.4,0.0,0.0,0.019,0.022,0.007,0.007,0.007,0.008,0.006,0.008,0.0,
668,1.0,0.4,1.0,0.0,0.76,0.735,0.717,0.007,0.185,0.007,0.006,0.006,0.0,
669,1.0,0.4,1.0,0.0,0.847,0.677,0.81,0.508,0.286,0.172,0.019,0.044,0.0,
670,1.0,0.4,1.0,0.0,0.856,0.755,0.909,0.719,0.292,0.249,0.077,0.053,0.0,
671,1.0,0.4,1.0,0.0,0.866,0.789,0.917,0.797,0.317,0.29,0.068,0.083,0.0,
672,1.0,0.4,1.0,1.0,0.795,0.798,0.871,0.817,0.247,0.284,1.0,1.0,0.0,
673,1.0,0.4,1.0,1.0,0.876,0.88,0.942,0.887,0.422,0.395,1.0,1.0,0.0,
674,1.0,0.4,1.0,1.0,0.881,0.885,0.946,0.943,0.396,0.47,1.0,1.0,0.0,
675,1.0,0.4,1.0,0.0,0.881,0.888,0.946,0.949,0.36,0.437,0.216,0.216,0.0,
676,0.0,0.4,0.0,0.0,0.107,0.018,0.014,0.906,0.01,0.394,0.123,0.16,0.0,
677,0.0,0.4,0.0,0.0,0.021,0.018,0.017,0.097,0.007,0.007,0.006,0.053,0.0,
678,0.0,0.4,0.0,0.0,0.021,0.018,0.007,0.007,0.007,0.007,0.008,0.006,0.0,
679,1.0,0.4,1.0,0.0,0.801,0.804,0.009,0.822,0.208,0.277,0.008,0.006,0.0,
680,1.0,0.4,1.0,1.0,0.817,0.886,0.833,0.945,0.238,0.308,1.0,1.0,0.0,
681,1.0,0.4,1.0,0.0,0.928,0.901,0.981,0.953,0.351,0.526,0.222,0.25,0.0,
682,1.0,0.4,1.0,0.0,0.941,0.838,0.986,0.922,0.473,0.497,0.179,0.218,0.0,
683,1.0,0.4,1.0,0.0,0.893,0.761,0.968,0.807,0.429,0.294,0.35,0.352,0.0,
684,1.0,0.4,1.0,0.0,0.901,0.797,0.959,0.743,0.42,0.285,0.162,0.121,0.0,
685,1.0,0.4,1.0,0.0,0.838,0.719,0.875,0.725,0.316,0.319,0.093,0.091,0.0,
686,1.0,0.4,1.0,1.0,0.837,0.638,0.874,0.41,0.287,0.184,1.0,1.0,0.0,
687,0.0,0.4,0.0,1.0,0.02,0.08,0.007,0.048,0.406,0.009,1.0,1.0,0.0,
688,0.0,0.4,0.0,0.0,0.02,0.019,0.007,0.011,0.007,0.008,0.072,0.033,0.0,
689,0.0,0.4,0.0,0.0,0.02,0.023,0.007,0.007,0.007,0.007,0.015,0.011,0.0,
690,1.0,0.4,0.9,0.0,0.889,0.714,0.948,0.636,0.007,0.227,0.014,0.022,0.0,
691,1.0,0.4,1.0,0.0,0.929,0.867,0.978,0.901,0.512,0.435,0.022,0.058,0.0,
692,1.0,0.4,1.0,0.0,0.93,0.885,0.979,0.918,0.463,0.446,0.306,0.267,0.0,
693,1.0,0.4,1.0,1.0,0.934,0.896,0.98,0.938,0.605,0.53,1.0,1.0,0.0,
694,1.0,0.4,1.0,0.0,0.941,0.917,0.984,0.958,0.79,0.708,0.741,0.588,0.588,
695,1.0,0.4,1.0,0.0,0.894,0.86,0.965,0.895,0.65,0.584,0.74,0.854,0.854,
696,1.0,0.4,1.0,0.0,0.894,0.863,0.948,0.898,0.571,0.521,0.468,0.593,0.593,
697,1.0,0.4,1.0,0.0,0.829,0.791,0.904,0.755,0.505,0.465,0.313,0.239,0.0,
698,0.0,0.4,0.0,0.0,0.018,0.018,0.007,0.007,0.007,0.007,0.29,0.276,0.0,
699,0.0,0.4,0.0,1.0,0.023,0.022,0.007,0.007,0.008,0.007,1.0,1.0,0.0,
700,0.0,0.4,0.0,1.0,0.019,0.018,0.007,0.007,0.007,0.007,1.0,1.0,0.0,
701,1.0,0.4,1.0,1.0,0.73,0.688,0.008,0.479,0.242,0.207,1.0,1.0,0.0,
702,1.0,0.4,1.0,0.0,0.75,0.775,0.633,0.702,0.265,0.295,0.041,0.038,0.0,
703,1.0,0.4,1.0,0.0,0.671,0.697,0.597,0.517,0.252,0.215,0.045,0.072,0.0,
704,1.0,0.4,1.0,0.0,0.675,0.725,0.47,0.577,0.191,0.194,0.054,0.041,0.0,
705,1.0,0.4,1.0,0.0,0.698,0.736,0.523,0.59,0.171,0.233,0.042,0.033,0.0,
706,1.0,0.4,1.0,1.0,0.705,0.737,0.532,0.61,0.199,0.232,1.0,1.0,0.0,
707,1.0,0.4,1.0,0.0,0.824,0.849,0.657,0.873,0.221,0.448,0.039,0.054,0.0,
708,1.0,0.4,1.0,0.0,0.831,0.868,0.834,0.894,0.381,0.419,0.176,0.208,0.0,
709,0.0,0.4,0.0,0.0,0.02,0.02,0.007,0.915,0.044,0.467,0.053,0.261,0.0,
710,0.0,0.4,0.0,0.0,0.024,0.02,0.007,0.098,0.007,0.052,0.03,0.008,0.0,
711,0.0,0.4,0.0,0.0,0.024,0.02,0.007,0.007,0.007,0.007,0.007,0.008,0.0,
712,1.0,0.4,1.0,1.0,0.844,0.865,0.007,0.908,0.415,0.44,1.0,1.0,0.0,
713,1.0,0.4,1.0,1.0,0.91,0.945,0.922,0.986,0.715,0.766,1.0,1.0,0.0,
714,1.0,0.4,1.0,1.0,0.933,0.946,0.963,0.987,0.674,0.691,1.0,1.0,0.0,
715,1.0,0.4,1.0,0.0,0.933,0.901,0.97,0.955,0.594,0.607,0.671,0.512,0.512,
716,1.0,0.4,1.0,0.0,0.882,0.836,0.911,0.915,0.459,0.479,0.26,0.276,0.0,
717,1.0,0.4,1.0,0.0,0.814,0.759,0.851,0.794,0.407,0.278,0.178,0.159,0.0,
718,1.0,0.4,1.0,0.0,0.734,0.677,0.572,0.478,0.233,0.248,0.111,0.091,0.0,
719,1.0,0.4,1.0,1.0,0.761,0.715,0.589,0.554,0.174,0.142,1.0,1.0,0.0,
720,0.0,0.4,0.0,1.0,0.02,0.089,0.064,0.654,0.007,0.234,1.0,1.0,0.0,
721,0.0,0.4,0.0,0.0,0.024,0.019,0.007,0.007,0.007,0.01,0.006,0.01,0.0,
722,0.0,0.4,0.0,0.0,0.02,0.018,0.007,0.007,0.007,0.007,0.006,0.006,0.0,
723,1.0,0.4,1.0,0.0,0.83,0.803,0.814,0.007,0.346,0.007,0.008,0.006,0.0,
724,1.0,0.4,1.0,0.0,0.896,0.818,0.939,0.803,0.448,0.308,0.177,0.126,0.0,
725,1.0,0.4,1.0,0.0,0.902,0.892,0.948,0.944,0.49,0.46,0.231,0.175,0.0,
726,1.0,0.4,1.0,1.0,0.904,0.9,0.949,0.952,0.514,0.419,1.0,1.0,0.0,
727,1.0,0.4,1.0,1.0,0.926,0.923,0.966,0.972,0.728,0.677,1.0,1.0,0.0,
728,1.0,0.4,1.0,0.0,0.926,0.924,0.973,0.973,0.654,0.606,0.707,0.652,0.652,
729,1.0,0.4,1.0,0.0,0.872,0.869,0.943,0.943,0.504,0.534,0.528,0.546,0.546,
730,0.0,0.4,0.0,0.0,0.105,0.018,0.107,0.854,0.011,0.409,0.196,0.233,0.0,
731,0.0,0.4,0.0,0.0,0.019,0.018,0.013,0.007,0.011,0.007,0.017,0.031,0.0,
732,0.0,0.4,0.0,0.0,0.019,0.022,0.007,0.007,0.007,0.007,0.009,0.006,0.0,
733,0.6,0.4,0.5,1.0,0.323,0.191,0.075,0.025,0.007,0.016,1.0,1.0,0.0,
734,1.0,0.4,1.0,0.0,0.833,0.808,0.069,0.026,0.333,0.016,0.044,0.007,0.0,
735,1.0,0.4,1.0,0.0,0.846,0.821,0.832,0.787,0.366,0.328,0.116,0.111,0.0,
736,1.0,0.4,1.0,0.0,0.896,0.888,0.94,0.93,0.392,0.439,0.159,0.122,0.0,
737,1.0,0.4,1.0,0.0,0.901,0.896,0.947,0.94,0.469,0.463,0.284,0.187,0.0,
738,1.0,0.4,1.0,0.0,0.906,0.901,0.952,0.947,0.503,0.499,0.308,0.304,0.0,
739,1.0,0.4,1.0,1.0,0.906,0.902,0.953,0.948,0.516,0.509,1.0,1.0,0.0,
740,1.0,0.4,1.0,1.0,0.925,0.924,0.967,0.97,0.685,0.704,1.0,1.0,0.0,
741,0.0,0.4,0.0,1.0,0.021,0.112,0.007,0.971,0.007,0.631,1.0,1.0,0.0,
742,0.0,0.4,0.0,0.0,0.021,0.024,0.009,0.016,0.008,0.072,0.03,0.082,0.0,
743,0.0,0.4,0.0,0.0,0.021,0.02,0.007,0.007,0.007,0.007,0.006,0.006,0.0,
744,0.3,0.4,0.2,0.0,0.12,0.074,0.007,0.012,0.007,0.009,0.006,0.006,0.0,
745,1.0,0.4,1.0,0.0,0.917,0.917,0.967,0.012,0.014,0.585,0.006,0.006,0.0,
746,1.0,0.4,1.0,1.0,0.94,0.87,0.983,0.962,0.631,0.542,1.0,1.0,0.0,
747,1.0,0.4,1.0,0.0,0.941,0.945,0.984,0.989,0.861,0.714,0.923,0.891,0.891,
748,1.0,0.4,1.0,0.0,0.894,0.946,0.946,0.989,0.789,0.736,0.833,0.798,0.798,
749,1.0,0.4,1.0,0.0,0.828,0.901,0.844,0.974,0.555,0.652,0.358,0.559,0.559,
750,1.0,0.4,1.0,0.0,0.655,0.837,0.503,0.925,0.276,0.436,0.105,0.173,0.0,
751,1.0,0.4,1.0,0.0,0.679,0.759,0.487,0.812,0.243,0.385,0.051,0.061,0.0,
752,0.0,0.4,0.0,1.0,0.018,0.018,0.449,0.712,0.255,0.276,1.0,1.0,0.0,
753,0.0,0.4,0.0,1.0,0.022,0.022,0.007,0.007,0.007,0.007,1.0,1.0,0.0,
754,0.0,0.4,0.0,1.0,0.018,0.019,0.007,0.007,0.008,0.007,1.0,1.0,0.0,
755,0.1,0.4,0.1,0.0,0.027,0.035,0.009,0.008,0.007,0.007,0.006,0.008,0.0,
756,1.0,0.4,1.0,0.0,0.579,0.747,0.357,0.791,0.174,0.334,0.008,0.057,0.0,
757,1.0,0.4,1.0,0.0,0.661,0.847,0.399,0.936,0.174,0.49,0.065,0.113,0.0,
758,1.0,0.4,1.0,0.0,0.676,0.86,0.556,0.946,0.301,0.527,0.115,0.176,0.0,
759,1.0,0.4,1.0,1.0,0.709,0.864,0.669,0.949,0.331,0.54,1.0,1.0,0.0,
760,1.0,0.4,1.0,0.0,0.814,0.908,0.88,0.975,0.637,0.732,0.754,0.777,0.777,
761,1.0,0.4,1.0,0.0,0.831,0.848,0.891,0.917,0.61,0.716,0.703,0.695,0.695,
762,1.0,0.4,1.0,0.0,0.755,0.847,0.758,0.916,0.438,0.558,0.611,0.634,0.634,
763,0.0,0.4,0.0,0.0,0.093,0.019,0.013,0.862,0.051,0.493,0.28,0.055,0.0,
764,0.0,0.4,0.0,0.0,0.02,0.023,0.013,0.007,0.007,0.007,0.03,0.066,0.0,
765,0.0,0.4,0.0,0.0,0.024,0.019,0.007,0.007,0.007,0.007,0.008,0.006,0.0,
766,1.0,0.4,1.0,1.0,0.743,0.753,0.007,0.007,0.007,0.007,1.0,1.0,0.0,
767,1.0,0.4,1.0,1.0,0.858,0.867,0.867,0.726,0.518,0.496,1.0,1.0,0.0,
768,1.0,0.4,1.0,1.0,0.903,0.906,0.931,0.94,0.549,0.52,1.0,1.0,0.0,
769,1.0,0.4,1.0,0.0,0.906,0.913,0.954,0.949,0.49,0.465,0.268,0.24,0.0,
770,1.0,0.4,1.0,0.0,0.845,0.854,0.915,0.909,0.369,0.423,0.249,0.117,0.0,
771,1.0,0.4,1.0,0.0,0.844,0.854,0.869,0.864,0.332,0.323,0.107,0.101,0.0,
772,1.0,0.4,1.0,0.0,0.77,0.78,0.703,0.794,0.241,0.293,0.045,0.046,0.0,
773,1.0,0.4,1.0,1.0,0.78,0.779,0.725,0.692,0.223,0.176,1.0,1.0,0.0,
774,0.0,0.4,0.0,0.0,0.021,0.02,0.829,0.007,0.007,0.007,0.036,0.01,0.0,
775,0.0,0.4,0.0,0.0,0.026,0.024,0.007,0.009,0.008,0.008,0.006,0.006,0.0,
776,0.0,0.4,0.0,0.0,0.026,0.02,0.007,0.009,0.007,0.007,0.006,0.006,0.0,
777,0.0,0.4,0.0,0.0,0.021,0.024,0.007,0.007,0.008,0.007,0.008,0.006,0.0,
778,1.0,0.4,1.0,0.0,0.85,0.87,0.009,0.902,0.007,0.318,0.008,0.006,0.0,
779,1.0,0.4,1.0,1.0,0.862,0.92,0.888,0.967,0.378,0.35,1.0,1.0,0.0,
780,1.0,0.4,1.0,1.0,0.934,0.925,0.985,0.97,0.597,0.601,1.0,1.0,0.0,
781,1.0,0.4,1.0,1.0,0.935,0.925,0.985,0.97,0.632,0.543,1.0,1.0,0.0,
782,1.0,0.4,1.0,0.0,0.886,0.87,0.967,0.939,0.497,0.479,0.522,0.477,0.0,
783,1.0,0.4,1.0,0.0,0.818,0.798,0.849,0.764,0.361,0.297,0.085,0.125,0.0,
784,1.0,0.4,1.0,0.0,0.74,0.717,0.666,0.688,0.251,0.202,0.084,0.091,0.0,
785,0.0,0.4,0.0,0.0,0.02,0.088,0.683,0.078,0.231,0.009,0.038,0.015,0.0,
786,0.0,0.4,0.0,0.0,0.02,0.022,0.007,0.014,0.007,0.007,0.022,0.018,0.0,
787,0.0,0.4,0.0,1.0,0.021,0.018,0.007,0.007,0.007,0.008,1.0,1.0,0.0,
788,0.0,0.4,0.0,0.0,0.021,0.019,0.007,0.007,0.007,0.007,0.006,0.008,0.0,
789,1.0,0.4,1.0,0.0,0.744,0.713,0.009,0.007,0.008,0.155,0.006,0.006,0.0,
790,1.0,0.4,1.0,0.0,0.763,0.657,0.7,0.443,0.236,0.148,0.042,0.012,0.0,
791,1.0,0.4,1.0,0.0,0.837,0.73,0.801,0.641,0.256,0.162,0.043,0.042,0.0,
792,1.0,0.4,1.0,0.0,0.845,0.76,0.887,0.673,0.309,0.176,0.061,0.048,0.0,
793,1.0,0.4,1.0,1.0,0.853,0.767,0.906,0.727,0.332,0.212,1.0,1.0,0.0,
794,1.0,0.4,1.0,1.0,0.898,0.866,0.961,0.835,0.549,0.288,1.0,1.0,0.0,
795,1.0,0.4,1.0,1.0,0.9,0.874,0.962,0.926,0.499,0.388,1.0,1.0,0.0,
796,0.1,0.4,0.0,0.0,0.039,0.02,0.009,0.935,0.007,0.303,0.013,0.24,0.0,
797,0.0,0.4,0.0,0.0,0.023,0.02,0.009,0.1,0.007,0.007,0.009,0.006,0.0,
798,0.0,0.4,0.0,0.0,0.023,0.02,0.007,0.007,0.007,0.007,0.008,0.008,0.0,
799,0.0,0.4,0.0,0.0,0.028,0.02,0.008,0.007,0.007,0.007,0.008,0.006,0.0,
800,1.0,0.4,1.0,0.0,0.89,0.868,0.955,0.007,0.007,0.008,0.006,0.006,0.0,
801,1.0,0.4,1.0,1.0,0.925,0.812,0.98,0.927,0.406,0.296,1.0,1.0,0.0,
802,1.0,0.4,1.0,0.0,0.927,0.929,0.98,0.957,0.685,0.424,0.647,0.129,0.0,
803,1.0,0.4,1.0,0.0,0.873,0.935,0.934,0.986,0.543,0.546,0.48,0.516,0.516,
804,1.0,0.4,1.0,0.0,0.803,0.885,0.816,0.97,0.39,0.49,0.44,0.479,0.0,
805,1.0,0.4,1.0,0.0,0.808,0.817,0.827,0.914,0.357,0.316,0.219,0.15,0.0,
806,1.0,0.4,1.0,0.0,0.731,0.738,0.758,0.677,0.329,0.22,0.067,0.06,0.0,
807,1.0,0.4,1.0,1.0,0.651,0.744,0.443,0.675,0.179,0.199,1.0,1.0,0.0,
808,0.0,0.4,0.0,1.0,0.021,0.02,0.007,0.784,0.007,0.007,1.0,1.0,0.0,
809,0.0,0.4,0.0,1.0,0.021,0.02,0.007,0.084,0.007,0.007,1.0,1.0,0.0,
810,0.0,0.4,0.0,0.0,0.021,0.02,0.007,0.009,0.007,0.007,0.006,0.006,0.0,
811,1.0,0.4,1.0,0.0,0.819,0.832,0.007,0.007,0.371,0.007,0.008,0.033,0.0,
812,1.0,0.4,1.0,0.0,0.833,0.845,0.834,0.895,0.412,0.361,0.141,0.17,0.0,
813,1.0,0.4,1.0,0.0,0.894,0.907,0.949,0.945,0.518,0.405,0.176,0.205,0.0,
814,1.0,0.4,1.0,1.0,0.899,0.909,0.952,0.969,0.532,0.491,1.0,1.0,0.0,
815,1.0,0.4,1.0,0.0,0.921,0.931,0.974,0.981,0.73,0.693,0.858,0.703,0.703,
816,1.0,0.4,1.0,0.0,0.866,0.879,0.946,0.959,0.683,0.649,0.809,0.786,0.786,
817,1.0,0.4,1.0,0.0,0.794,0.809,0.858,0.821,0.534,0.419,0.359,0.255,0.0,
818,1.0,0.4,1.0,0.0,0.714,0.73,0.573,0.748,0.233,0.283,0.31,0.121,0.0,
819,0.5,0.4,0.1,0.0,0.175,0.101,0.022,0.625,0.015,0.216,0.043,0.065,0.0,
820,0.0,0.4,0.0,0.0,0.041,0.024,0.022,0.073,0.008,0.007,0.007,0.007,0.0,
821,0.0,0.4,0.0,1.0,0.02,0.018,0.011,0.007,0.008,0.007,1.0,1.0,0.0,
822,0.0,0.4,0.0,1.0,0.02,0.023,0.007,0.009,0.008,0.008,1.0,1.0,0.0,
823,1.0,0.4,1.0,1.0,0.736,0.708,0.609,0.007,0.272,0.007,1.0,1.0,0.0,
824,1.0,0.4,1.0,0.0,0.82,0.729,0.707,0.596,0.368,0.221,0.054,0.052,0.0,
825,1.0,0.4,1.0,0.0,0.745,0.651,0.764,0.566,0.345,0.205,0.096,0.065,0.0,
826,1.0,0.4,1.0,0.0,0.757,0.663,0.673,0.465,0.272,0.194,0.079,0.065,0.0,
827,1.0,0.4,1.0,0.0,0.767,0.678,0.713,0.468,0.22,0.195,0.064,0.037,0.0,
828,1.0,0.4,1.0,1.0,0.77,0.604,0.724,0.282,0.263,0.156,1.0,1.0,0.0,
829,1.0,0.4,1.0,0.0,0.857,0.781,0.908,0.398,0.472,0.332,0.05,0.041,0.0,
830,0.9,0.4,0.3,0.0,0.79,0.083,0.915,0.011,0.293,0.009,0.272,0.226,0.0,
831,0.0,0.4,0.0,0.0,0.022,0.019,0.873,0.007,0.007,0.011,0.006,0.007,0.0,
832,0.0,0.4,0.0,0.0,0.026,0.023,0.008,0.007,0.007,0.007,0.006,0.008,0.0,
833,0.0,0.4,0.0,0.0,0.022,0.023,0.007,0.007,0.007,0.007,0.006,0.006,0.0,
834,1.0,0.4,1.0,0.0,0.865,0.802,0.007,0.748,0.007,0.008,0.006,0.006,0.0,
835,1.0,0.4,1.0,1.0,0.809,0.876,0.877,0.847,0.377,0.321,1.0,1.0,0.0,
836,1.0,0.4,1.0,1.0,0.926,0.896,0.984,0.938,0.559,0.615,1.0,1.0,0.0,
837,1.0,0.4,1.0,0.0,0.929,0.9,0.984,0.942,0.671,0.563,0.568,0.593,0.593,
838,1.0,0.4,1.0,0.0,0.876,0.836,0.947,0.898,0.528,0.418,0.38,0.397,0.0,
839,1.0,0.4,1.0,0.0,0.806,0.759,0.842,0.768,0.379,0.374,0.327,0.311,0.0,
840,1.0,0.4,1.0,0.0,0.809,0.765,0.843,0.664,0.341,0.218,0.127,0.103,0.0,
841,1.0,0.4,0.5,0.0,0.731,0.149,0.78,0.608,0.198,0.013,0.094,0.06,0.0,
842,0.0,0.4,0.0,1.0,0.019,0.018,0.007,0.017,0.228,0.013,1.0,1.0,0.0,
843,0.0,0.4,0.0,0.0,0.019,0.022,0.007,0.01,0.007,0.007,0.006,0.006,0.0,
844,0.0,0.4,0.0,0.0,0.019,0.018,0.009,0.009,0.008,0.008,0.006,0.008,0.0,
845,1.0,0.4,1.0,0.0,0.717,0.667,0.007,0.422,0.008,0.007,0.006,0.006,0.0,
846,1.0,0.4,1.0,0.0,0.737,0.75,0.653,0.487,0.264,0.162,0.035,0.042,0.0,
847,1.0,0.4,1.0,0.0,0.816,0.763,0.852,0.641,0.403,0.24,0.059,0.042,0.0,
848,1.0,0.4,1.0,1.0,0.836,0.785,0.87,0.691,0.415,0.258,1.0,1.0,0.0,
849,1.0,0.4,1.0,1.0,0.888,0.866,0.952,0.899,0.685,0.378,1.0,1.0,0.0,
850,1.0,0.4,1.0,1.0,0.892,0.879,0.954,0.913,0.619,0.454,1.0,1.0,0.0,
851,1.0,0.4,1.0,0.0,0.892,0.88,0.956,0.922,0.553,0.431,0.384,0.422,0.0,
852,1.0,0.4,1.0,0.0,0.827,0.812,0.916,0.869,0.338,0.391,0.334,0.11,0.0,
853,0.0,0.4,0.0,0.0,0.101,0.018,0.796,0.007,0.372,0.29,0.094,0.086,0.0,
854,0.0,0.4,0.0,0.0,0.019,0.018,0.091,0.007,0.01,0.007,0.093,0.086,0.0,
855,0.0,0.4,0.0,0.0,0.02,0.018,0.009,0.007,0.007,0.007,0.006,0.017,0.0,
856,1.0,0.4,1.0,1.0,0.728,0.71,0.625,0.007,0.237,0.007,1.0,1.0,0.0,
857,1.0,0.4,1.0,0.0,0.886,0.85,0.809,0.525,0.334,0.304,0.115,0.1,0.0,
858,1.0,0.4,1.0,0.0,0.913,0.89,0.958,0.823,0.554,0.341,0.102,0.248,0.0,
859,1.0,0.4,1.0,0.0,0.917,0.903,0.969,0.893,0.507,0.316,0.341,0.315,0.0,
860,1.0,0.4,1.0,0.0,0.921,0.911,0.974,0.919,0.565,0.365,0.412,0.312,0.0,
861,1.0,0.4,1.0,0.0,0.923,0.913,0.974,0.929,0.595,0.391,0.44,0.301,0.0,
862,1.0,0.4,1.0,1.0,0.923,0.914,0.975,0.932,0.603,0.341,1.0,1.0,0.0,
863,1.0,0.4,1.0,1.0,0.932,0.928,0.979,0.954,0.755,0.507,1.0,1.0,0.0,
864,0.0,0.4,0.0,1.0,0.022,0.021,0.007,0.959,0.007,0.474,1.0,1.0,0.0,
865,0.0,0.4,0.0,0.0,0.022,0.021,0.007,0.103,0.008,0.052,0.016,0.035,0.0,
866,0.0,0.4,0.0,0.0,0.022,0.021,0.009,0.007,0.008,0.007,0.007,0.011,0.0,
867,1.0,0.4,1.0,0.0,0.926,0.921,0.977,0.953,0.641,0.438,0.006,0.006,0.0,
868,1.0,0.4,1.0,0.0,0.943,0.943,0.986,0.979,0.613,0.442,0.516,0.399,0.0,
869,1.0,0.4,1.0,1.0,0.944,0.943,0.986,0.98,0.744,0.569,1.0,1.0,0.0,
870,1.0,0.4,1.0,0.0,0.946,0.947,0.987,0.982,0.845,0.708,0.804,0.835,0.835,
871,1.0,0.4,1.0,0.0,0.902,0.902,0.971,0.962,0.718,0.572,0.758,0.756,0.756,
872,1.0,0.4,1.0,0.0,0.839,0.839,0.871,0.898,0.634,0.502,0.642,0.505,0.505,
873,1.0,0.4,1.0,0.0,0.762,0.762,0.803,0.66,0.48,0.376,0.164,0.204,0.0,
874,1.0,0.4,1.0,0.0,0.681,0.68,0.493,0.457,0.257,0.201,0.037,0.111,0.0,
875,1.0,0.4,0.6,0.0,0.699,0.291,0.521,0.45,0.19,0.15,0.037,0.022,0.0,
876,0.0,0.4,0.0,1.0,0.019,0.018,0.527,0.007,0.235,0.007,1.0,1.0,0.0,
877,0.0,0.4,0.0,1.0,0.019,0.022,0.058,0.007,0.007,0.008,1.0,1.0,0.0,
878,0.0,0.4,0.0,1.0,0.02,0.018,0.009,0.007,0.007,0.007,1.0,1.0,0.0,
879,1.0,0.4,1.0,0.0,0.686,0.666,0.603,0.406,0.246,0.157,0.042,0.037,0.0,
880,1.0,0.4,1.0,0.0,0.633,0.615,0.482,0.338,0.28,0.165,0.053,0.045,0.0,
881,1.0,0.4,1.0,0.0,0.654,0.627,0.522,0.274,0.203,0.142,0.031,0.045,0.0,
882,1.0,0.4,1.0,0.0,0.658,0.636,0.527,0.293,0.2,0.118,0.029,0.026,0.0,
883,1.0,0.4,1.0,1.0,0.659,0.639,0.535,0.31,0.231,0.141,1.0,1.0,0.0,
884,1.0,0.4,1.0,0.0,0.793,0.787,0.631,0.689,0.471,0.297,0.042,0.036,0.0,
885,1.0,0.4,1.0,0.0,0.803,0.828,0.841,0.802,0.442,0.28,0.242,0.179,0.0,
886,1.0,0.4,0.7,0.0,0.839,0.54,0.881,0.832,0.489,0.356,0.318,0.259,0.0,
887,0.0,0.4,0.0,0.0,0.104,0.02,0.914,0.295,0.559,0.007,0.325,0.394,0.0,
888,0.0,0.4,0.0,0.0,0.021,0.02,0.007,0.007,0.011,0.007,0.038,0.007,0.0,
889,0.0,0.4,0.0,1.0,0.026,0.024,0.008,0.007,0.007,0.008,1.0,1.0,0.0,
890,1.0,0.4,1.0,1.0,0.834,0.842,0.008,0.861,0.009,0.007,1.0,1.0,0.0,
891,1.0,0.4,1.0,1.0,0.775,0.902,0.849,0.925,0.443,0.331,1.0,1.0,0.0,
892,1.0,0.4,1.0,0.0,0.853,0.905,0.899,0.957,0.537,0.369,0.257,0.347,0.0,
893,1.0,0.4,1.0,0.0,0.782,0.843,0.909,0.872,0.486,0.336,0.315,0.274,0.0,
894,1.0,0.4,1.0,0.0,0.788,0.856,0.859,0.895,0.342,0.351,0.319,0.267,0.0,
895,1.0,0.4,1.0,0.0,0.794,0.858,0.867,0.897,0.412,0.353,0.12,0.159,0.0,
896,1.0,0.4,1.0,0.0,0.716,0.785,0.694,0.837,0.379,0.328,0.144,0.134,0.0,
897,1.0,0.4,0.9,1.0,0.742,0.701,0.749,0.631,0.292,0.197,1.0,1.0,0.0,
898,0.0,0.4,0.0,0.0,0.021,0.089,0.007,0.728,0.403,0.232,0.09,0.078,0.0,
899,0.0,0.4,0.0,0.0,0.021,0.02,0.007,0.084,0.007,0.032,0.016,0.015,0.0,
900,0.0,0.4,0.0,0.0,0.026,0.02,0.007,0.007,0.008,0.007,0.007,0.006,0.0,
901,1.0,0.4,1.0,0.0,0.812,0.86,0.88,0.007,0.49,0.353,0.344,0.262,0.0,
902,1.0,0.4,1.0,0.0,0.899,0.888,0.937,0.91,0.577,0.472,0.523,0.421,0.0,
903,1.0,0.4,1.0,1.0,0.901,0.926,0.972,0.974,0.738,0.604,1.0,1.0,0.0,
904,1.0,0.4,1.0,1.0,0.915,0.927,0.978,0.974,0.844,0.729,1.0,1.0,0.0,
905,1.0,0.4,1.0,1.0,0.915,0.873,0.978,0.92,0.769,0.581,1.0,1.0,0.0,
906,1.0,0.4,1.0,0.0,0.857,0.876,0.927,0.922,0.607,0.511,0.525,0.469,0.0,
907,1.0,0.4,1.0,0.0,0.784,0.806,0.876,0.797,0.436,0.459,0.441,0.378,0.0,
908,1.0,0.4,1.0,0.0,0.704,0.805,0.596,0.793,0.296,0.277,0.055,0.1,0.0,
909,0.0,0.4,0.0,0.0,0.019,0.019,0.531,0.007,0.007,0.007,0.055,0.072,0.0,
910,0.0,0.4,0.0,1.0,0.019,0.019,0.007,0.007,0.007,0.008,1.0,1.0,0.0,
911,0.0,0.4,0.0,0.0,0.02,0.019,0.007,0.008,0.007,0.007,0.006,0.006,0.0,
912,1.0,0.4,1.0,0.0,0.604,0.706,0.342,0.007,0.146,0.007,0.006,0.006,0.0,
913,1.0,0.4,1.0,0.0,0.679,0.726,0.515,0.532,0.172,0.198,0.027,0.013,0.0,
914,1.0,0.4,1.0,0.0,0.709,0.798,0.544,0.767,0.235,0.298,0.042,0.067,0.0,
915,1.0,0.4,1.0,0.0,0.716,0.824,0.602,0.801,0.277,0.333,0.081,0.059,0.0,
916,1.0,0.4,1.0,1.0,0.729,0.83,0.627,0.837,0.283,0.341,1.0,1.0,0.0,
917,1.0,0.4,1.0,1.0,0.828,0.892,0.747,0.911,0.531,0.493,1.0,1.0,0.0,
918,1.0,0.4,1.0,1.0,0.839,0.896,0.886,0.948,0.491,0.533,1.0,1.0,0.0,
919,1.0,0.4,1.0,0.0,0.849,0.897,0.904,0.952,0.469,0.482,0.323,0.361,0.0,
920,0.0,0.4,0.0,0.0,0.021,0.02,0.007,0.91,0.051,0.432,0.252,0.204,0.0,
921,0.0,0.4,0.0,0.0,0.021,0.02,0.009,0.097,0.007,0.048,0.041,0.061,0.0,
922,0.0,0.4,0.0,0.0,0.021,0.02,0.007,0.007,0.007,0.007,0.006,0.006,0.0,
923,1.0,0.4,1.0,0.0,0.757,0.818,0.007,0.007,0.007,0.008,0.006,0.006,0.0,
924,1.0,0.4,1.0,1.0,0.699,0.758,0.707,0.753,0.226,0.249,1.0,1.0,0.0,
925,1.0,0.4,1.0,0.0,0.88,0.903,0.81,0.971,0.56,0.557,0.507,0.153,0.0,
926,1.0,0.4,1.0,0.0,0.901,0.921,0.969,0.98,0.542,0.509,0.45,0.45,0.0,
927,1.0,0.4,1.0,0.0,0.905,0.865,0.972,0.956,0.408,0.473,0.185,0.439,0.0,
928,1.0,0.4,1.0,0.0,0.844,0.793,0.907,0.806,0.442,0.293,0.246,0.182,0.0,
929,1.0,0.4,1.0,0.0,0.853,0.815,0.913,0.849,0.381,0.285,0.162,0.1,0.0,
930,1.0,0.4,0.9,1.0,0.78,0.641,0.866,0.509,0.355,0.159,1.0,1.0,0.0,
931,0.0,0.4,0.0,1.0,0.021,0.021,0.874,0.007,0.007,0.007,1.0,1.0,0.0,
932,0.0,0.4,0.0,1.0,0.021,0.026,0.007,0.007,0.008,0.007,1.0,1.0,0.0,
933,0.0,0.4,0.0,0.0,0.021,0.026,0.007,0.009,0.007,0.007,0.006,0.006,0.0,
934,1.0,0.4,1.0,0.0,0.857,0.836,0.925,0.007,0.488,0.352,0.006,0.025,0.0,
935,1.0,0.4,1.0,0.0,0.91,0.849,0.972,0.875,0.534,0.346,0.307,0.257,0.0,
936,1.0,0.4,1.0,0.0,0.912,0.91,0.973,0.969,0.611,0.407,0.368,0.464,0.0,
937,1.0,0.4,1.0,1.0,0.914,0.913,0.974,0.97,0.635,0.5,1.0,1.0,0.0,
938,1.0,0.4,1.0,0.0,0.927,0.926,0.981,0.979,0.782,0.68,0.871,0.787,0.787,
939,1.0,0.4,1.0,0.0,0.874,0.872,0.936,0.955,0.72,0.608,0.774,0.747,0.747,
940,1.0,0.4,1.0,0.0,0.804,0.802,0.887,0.806,0.57,0.384,0.408,0.346,0.0,
941,1.0,0.4,0.9,0.0,0.724,0.624,0.622,0.733,0.344,0.138,0.361,0.146,0.0,
942,0.0,0.4,0.0,0.0,0.02,0.02,0.007,0.078,0.007,0.023,0.103,0.047,0.0,
943,0.0,0.4,0.0,0.0,0.02,0.02,0.007,0.007,0.007,0.007,0.007,0.013,0.0,
944,0.0,0.4,0.0,1.0,0.024,0.02,0.007,0.007,0.008,0.007,1.0,1.0,0.0,
945,1.0,0.4,1.0,1.0,0.734,0.704,0.635,0.007,0.007,0.191,1.0,1.0,0.0,
946,1.0,0.4,1.0,1.0,0.821,0.649,0.844,0.454,0.382,0.146,1.0,1.0,0.0,
947,1.0,0.4,1.0,0.0,0.84,0.717,0.865,0.519,0.373,0.172,0.111,0.077,0.0,
948,1.0,0.4,1.0,0.0,0.766,0.643,0.82,0.596,0.363,0.215,0.117,0.068,0.0,
949,1.0,0.4,1.0,0.0,0.77,0.654,0.73,0.501,0.29,0.134,0.085,0.052,0.0,
950,1.0,0.4,1.0,0.0,0.778,0.666,0.742,0.502,0.223,0.165,0.036,0.033,0.0,
951,1.0,0.4,1.0,1.0,0.699,0.594,0.685,0.365,0.16,0.127,1.0,1.0,0.0,
952,1.0,0.4,1.0,0.0,0.83,0.768,0.707,0.432,0.235,0.287,0.024,0.063,0.0,
953,0.0,0.4,0.0,0.0,0.021,0.096,0.879,0.013,0.359,0.01,0.062,0.076,0.0,
954,0.0,0.4,0.0,0.0,0.021,0.02,0.007,0.007,0.007,0.007,0.006,0.006,0.0,
955,0.0,0.4,0.0,0.0,0.021,0.025,0.009,0.007,0.007,0.007,0.008,0.006,0.0,
956,1.0,0.4,1.0,0.0,0.826,0.783,0.007,0.77,0.346,0.249,0.077,0.036,0.0,
957,1.0,0.4,1.0,1.0,0.845,0.867,0.881,0.927,0.321,0.397,1.0,1.0,0.0,
958,1.0,0.4,1.0,1.0,0.932,0.884,0.983,0.939,0.662,0.584,1.0,1.0,0.0,
959,1.0,0.4,1.0,1.0,0.935,0.885,0.984,0.948,0.598,0.553,1.0,1.0,0.0,
960,1.0,0.4,1.0,0.0,0.884,0.885,0.946,0.948,0.463,0.492,0.304,0.249,0.0,
961,1.0,0.4,1.0,0.0,0.816,0.819,0.901,0.849,0.274,0.362,0.263,0.288,0.0,
962,1.0,0.4,1.0,0.0,0.736,0.82,0.768,0.85,0.236,0.327,0.087,0.108,0.0,
963,1.0,0.4,1.0,0.0,0.655,0.743,0.577,0.783,0.13,0.19,0.056,0.056,0.0,
964,0.0,0.4,0.0,1.0,0.082,0.02,0.455,0.007,0.154,0.007,1.0,1.0,0.0,
965,0.0,0.4,0.0,1.0,0.019,0.02,0.011,0.007,0.024,0.008,1.0,1.0,0.0,
966,0.0,0.4,0.0,0.0,0.019,0.02,0.007,0.007,0.007,0.007,0.008,0.006,0.0,
967,1.0,0.4,1.0,0.0,0.668,0.729,0.007,0.007,0.184,0.174,0.03,0.006,0.0,
968,1.0,0.4,1.0,0.0,0.695,0.753,0.597,0.67,0.199,0.21,0.043,0.042,0.0,
969,1.0,0.4,1.0,0.0,0.778,0.828,0.682,0.77,0.301,0.255,0.043,0.037,0.0,
970,1.0,0.4,1.0,0.0,0.79,0.838,0.813,0.876,0.301,0.296,0.09,0.095,0.0,
971,1.0,0.4,1.0,1.0,0.808,0.849,0.862,0.896,0.306,0.263,1.0,1.0,0.0,
972,1.0,0.4,1.0,1.0,0.872,0.894,0.909,0.935,0.448,0.487,1.0,1.0,0.0,
973,1.0,0.4,1.0,1.0,0.875,0.896,0.947,0.956,0.497,0.449,1.0,1.0,0.0,
974,1.0,0.4,1.0,0.0,0.877,0.897,0.951,0.958,0.456,0.402,0.315,0.232,0.0,
975,0.0,0.4,0.0,0.0,0.02,0.021,0.91,0.102,0.007,0.007,0.132,0.193,0.0,
976,0.0,0.4,0.0,0.0,0.02,0.021,0.007,0.007,0.007,0.007,0.006,0.006,0.0,
977,0.0,0.4,0.0,0.0,0.025,0.026,0.007,0.007,0.007,0.008,0.008,0.006,0.0,
978,1.0,0.4,0.9,1.0,0.791,0.727,0.816,0.007,0.257,0.166,1.0,1.0,0.0,
979,1.0,0.4,1.0,0.0,0.923,0.888,0.98,0.91,0.594,0.25,0.059,0.059,0.0,
980,1.0,0.4,1.0,0.0,0.94,0.92,0.986,0.966,0.539,0.447,0.452,0.411,0.0,
981,1.0,0.4,1.0,0.0,0.941,0.922,0.986,0.967,0.661,0.552,0.519,0.534,0.534,
982,1.0,0.4,1.0,0.0,0.941,0.923,0.986,0.969,0.683,0.577,0.734,0.718,0.718,
983,1.0,0.4,1.0,0.0,0.943,0.927,0.987,0.972,0.741,0.641,0.784,0.749,0.749,
984,1.0,0.4,1.0,1.0,0.943,0.928,0.987,0.973,0.755,0.657,1.0,1.0,0.0,
985,1.0,0.4,1.0,1.0,0.945,0.931,0.987,0.976,0.804,0.717,1.0,1.0,0.0,
986,0.0,0.4,0.0,1.0,0.021,0.115,0.007,0.017,0.007,0.082,1.0,1.0,0.0,
987,0.0,0.4,0.0,0.0,0.021,0.023,0.007,0.01,0.007,0.007,0.007,0.008,0.0,
988,0.0,0.4,0.0,0.0,0.021,0.023,0.007,0.007,0.007,0.007,0.006,0.006,0.0,
989,1.0,0.4,0.9,0.0,0.889,0.869,0.007,0.009,0.008,0.007,0.006,0.006,0.0,
990,1.0,0.4,1.0,0.0,0.836,0.931,0.919,0.973,0.54,0.609,0.006,0.1,0.0,
991,1.0,0.4,1.0,1.0,0.895,0.942,0.949,0.983,0.434,0.576,1.0,1.0,0.0,
992,1.0,0.4,1.0,0.0,0.9,0.943,0.971,0.985,0.762,0.814,0.898,0.913,0.913,
993,1.0,0.4,1.0,0.0,0.837,0.896,0.908,0.949,0.603,0.679,0.61,0.804,0.804,
994,1.0,0.4,1.0,0.0,0.76,0.831,0.85,0.852,0.532,0.598,0.339,0.449,0.0,
995,1.0,0.4,1.0,0.0,0.679,0.754,0.681,0.673,0.288,0.354,0.315,0.186,0.0,
996,1.0,0.4,1.0,0.0,0.699,0.771,0.475,0.687,0.213,0.314,0.037,0.044,0.0,
997,0.0,0.4,0.0,1.0,0.087,0.02,0.547,0.648,0.264,0.31,1.0,1.0,0.0,
998,0.0,0.4,0.0,1.0,0.019,0.024,0.065,0.07,0.007,0.007,1.0,1.0,0.0,
999,0.0,0.4,0.0,1.0,0.023,0.02,0.007,0.007,0.008,0.007,1.0,1.0,0.0,
